side,n,seed,family,algo,rounds_eps3,conv_eps3,rounds_eps6,conv_eps6,maxr,alpha,secs,note
15,225,30,flat,heat,689,1,1826,1,40000,0.5,0.067,
15,225,30,flat,pushsum,407,1,1132,1,40000,0.5,0.02,
15,225,30,flat,gossip,420,1,1182,1,40000,0.5,0.016,
15,225,30,curved,heat,89,1,203,1,40000,0.5,0.004,
15,225,30,curved,pushsum,68,1,149,1,40000,0.5,0.004,
15,225,30,curved,gossip,1668,1,3992,1,40000,0.5,0.1,
15,225,30,shuffled,heat,70,1,169,1,40000,0.5,0.007,connected_double_edge_swap
15,225,30,shuffled,pushsum,64,1,147,1,40000,0.5,0.008,connected_double_edge_swap
15,225,30,shuffled,gossip,1591,1,3914,1,40000,0.5,0.09,connected_double_edge_swap
15,225,30,rreg4,heat,59,1,139,1,40000,0.5,0.006,rreg4_try0
15,225,30,rreg4,pushsum,36,1,85,1,40000,0.5,0.002,rreg4_try0
15,225,30,rreg4,gossip,36,1,85,1,40000,0.5,0.002,rreg4_try0
15,225,31,flat,heat,573,1,1710,1,40000,0.5,0.034,
15,225,31,flat,pushsum,407,1,1132,1,40000,0.5,0.034,
15,225,31,flat,gossip,424,1,1186,1,40000,0.5,0.017,
15,225,31,curved,heat,87,1,228,1,40000,0.5,0.004,
15,225,31,curved,pushsum,68,1,181,1,40000,0.5,0.004,
15,225,31,curved,gossip,1000,1,2881,1,40000,0.5,0.036,
15,225,31,shuffled,heat,62,1,145,1,40000,0.5,0.006,connected_double_edge_swap
15,225,31,shuffled,pushsum,53,1,120,1,40000,0.5,0.002,connected_double_edge_swap
15,225,31,shuffled,gossip,1276,1,3195,1,40000,0.5,0.082,connected_double_edge_swap
15,225,31,rreg4,heat,61,1,151,1,40000,0.5,0.006,rreg4_try0
15,225,31,rreg4,pushsum,37,1,92,1,40000,0.5,0.002,rreg4_try0
15,225,31,rreg4,gossip,37,1,92,1,40000,0.5,0.002,rreg4_try0
15,225,32,flat,heat,656,1,1793,1,40000,0.5,0.032,
15,225,32,flat,pushsum,440,1,1165,1,40000,0.5,0.021,
15,225,32,flat,gossip,460,1,1222,1,40000,0.5,0.019,
15,225,32,curved,heat,80,1,186,1,40000,0.5,0.004,
15,225,32,curved,pushsum,63,1,143,1,40000,0.5,0.003,
15,225,32,curved,gossip,661,1,1540,1,40000,0.5,0.021,
15,225,32,shuffled,heat,137,1,344,1,40000,0.5,0.007,connected_double_edge_swap
15,225,32,shuffled,pushsum,129,1,294,1,40000,0.5,0.005,connected_double_edge_swap
15,225,32,shuffled,gossip,284,1,690,1,40000,0.5,0.015,connected_double_edge_swap
15,225,32,rreg4,heat,61,1,155,1,40000,0.5,0.004,rreg4_try0
15,225,32,rreg4,pushsum,37,1,95,1,40000,0.5,0.002,rreg4_try0
15,225,32,rreg4,gossip,37,1,95,1,40000,0.5,0.002,rreg4_try0
15,225,33,flat,heat,670,1,1807,1,40000,0.5,0.036,
15,225,33,flat,pushsum,431,1,1156,1,40000,0.5,0.023,
15,225,33,flat,gossip,451,1,1212,1,40000,0.5,0.02,
15,225,33,curved,heat,88,1,216,1,40000,0.5,0.005,
15,225,33,curved,pushsum,79,1,183,1,40000,0.5,0.004,
15,225,33,curved,gossip,493,1,1259,1,40000,0.5,0.02,
15,225,33,shuffled,heat,97,1,235,1,40000,0.5,0.005,connected_double_edge_swap
15,225,33,shuffled,pushsum,82,1,192,1,40000,0.5,0.003,connected_double_edge_swap
15,225,33,shuffled,gossip,511,1,1288,1,40000,0.5,0.02,connected_double_edge_swap
15,225,33,rreg4,heat,51,1,144,1,40000,0.5,0.003,rreg4_try0
15,225,33,rreg4,pushsum,31,1,89,1,40000,0.5,0.002,rreg4_try0
15,225,33,rreg4,gossip,31,1,89,1,40000,0.5,0.003,rreg4_try0
15,225,34,flat,heat,846,1,1983,1,40000,0.5,0.043,
15,225,34,flat,pushsum,536,1,1261,1,40000,0.5,0.027,
15,225,34,flat,gossip,560,1,1322,1,40000,0.5,0.023,
15,225,34,curved,heat,75,1,179,1,40000,0.5,0.004,
15,225,34,curved,pushsum,66,1,149,1,40000,0.5,0.004,
15,225,34,curved,gossip,1238,1,3171,1,40000,0.5,0.052,
15,225,34,shuffled,heat,50,1,122,1,40000,0.5,0.003,connected_double_edge_swap
15,225,34,shuffled,pushsum,42,1,97,1,40000,0.5,0.002,connected_double_edge_swap
15,225,34,shuffled,gossip,853,1,2136,1,40000,0.5,0.029,connected_double_edge_swap
15,225,34,rreg4,heat,60,1,142,1,40000,0.5,0.004,rreg4_try0
15,225,34,rreg4,pushsum,37,1,87,1,40000,0.5,0.002,rreg4_try0
15,225,34,rreg4,gossip,37,1,87,1,40000,0.5,0.002,rreg4_try0
15,225,35,flat,heat,744,1,1882,1,40000,0.5,0.043,
15,225,35,flat,pushsum,482,1,1207,1,40000,0.5,0.023,
15,225,35,flat,gossip,504,1,1266,1,40000,0.5,0.022,
15,225,35,curved,heat,67,1,165,1,40000,0.5,0.004,
15,225,35,curved,pushsum,62,1,144,1,40000,0.5,0.004,
15,225,35,curved,gossip,1624,1,4113,1,40000,0.5,0.087,
15,225,35,shuffled,heat,121,1,303,1,40000,0.5,0.007,connected_double_edge_swap
15,225,35,shuffled,pushsum,101,1,248,1,40000,0.5,0.007,connected_double_edge_swap
15,225,35,shuffled,gossip,1136,1,2789,1,40000,0.5,0.05,connected_double_edge_swap
15,225,35,rreg4,heat,54,1,134,1,40000,0.5,0.004,rreg4_try0
15,225,35,rreg4,pushsum,33,1,82,1,40000,0.5,0.003,rreg4_try0
15,225,35,rreg4,gossip,33,1,82,1,40000,0.5,0.003,rreg4_try0
15,225,36,flat,heat,702,1,1839,1,40000,0.5,0.037,
15,225,36,flat,pushsum,439,1,1164,1,40000,0.5,0.022,
15,225,36,flat,gossip,458,1,1219,1,40000,0.5,0.022,
15,225,36,curved,heat,63,1,163,1,40000,0.5,0.004,
15,225,36,curved,pushsum,59,1,139,1,40000,0.5,0.004,
15,225,36,curved,gossip,1172,1,3287,1,40000,0.5,0.047,
15,225,36,shuffled,heat,73,1,170,1,40000,0.5,0.004,connected_double_edge_swap
15,225,36,shuffled,pushsum,61,1,136,1,40000,0.5,0.003,connected_double_edge_swap
15,225,36,shuffled,gossip,1005,1,2424,1,40000,0.5,0.045,connected_double_edge_swap
15,225,36,rreg4,heat,59,1,144,1,40000,0.5,0.004,rreg4_try0
15,225,36,rreg4,pushsum,36,1,88,1,40000,0.5,0.003,rreg4_try0
15,225,36,rreg4,gossip,36,1,88,1,40000,0.5,0.003,rreg4_try0
15,225,37,flat,heat,730,1,1868,1,40000,0.5,0.036,
15,225,37,flat,pushsum,469,1,1194,1,40000,0.5,0.02,
15,225,37,flat,gossip,490,1,1252,1,40000,0.5,0.024,
15,225,37,curved,heat,76,1,183,1,40000,0.5,0.005,
15,225,37,curved,pushsum,60,1,142,1,40000,0.5,0.004,
15,225,37,curved,gossip,1601,1,4013,1,40000,0.5,0.064,
15,225,37,shuffled,heat,84,1,208,1,40000,0.5,0.007,connected_double_edge_swap
15,225,37,shuffled,pushsum,72,1,167,1,40000,0.5,0.003,connected_double_edge_swap
15,225,37,shuffled,gossip,667,1,2198,1,40000,0.5,0.032,connected_double_edge_swap
15,225,37,rreg4,heat,61,1,157,1,40000,0.5,0.004,rreg4_try0
15,225,37,rreg4,pushsum,38,1,96,1,40000,0.5,0.003,rreg4_try0
15,225,37,rreg4,gossip,38,1,96,1,40000,0.5,0.003,rreg4_try0
15,225,38,flat,heat,835,1,1973,1,40000,0.5,0.035,
15,225,38,flat,pushsum,533,1,1258,1,40000,0.5,0.021,
15,225,38,flat,gossip,558,1,1319,1,40000,0.5,0.019,
15,225,38,curved,heat,84,1,200,1,40000,0.5,0.004,
15,225,38,curved,pushsum,70,1,161,1,40000,0.5,0.003,
15,225,38,curved,gossip,770,1,2537,1,40000,0.5,0.047,
15,225,38,shuffled,heat,61,1,156,1,40000,0.5,0.004,connected_double_edge_swap
15,225,38,shuffled,pushsum,55,1,139,1,40000,0.5,0.004,connected_double_edge_swap
15,225,38,shuffled,gossip,728,1,1911,1,40000,0.5,0.031,connected_double_edge_swap
15,225,38,rreg4,heat,56,1,141,1,40000,0.5,0.004,rreg4_try0
15,225,38,rreg4,pushsum,34,1,86,1,40000,0.5,0.003,rreg4_try0
15,225,38,rreg4,gossip,34,1,86,1,40000,0.5,0.002,rreg4_try0
15,225,39,flat,heat,616,1,1753,1,40000,0.5,0.033,
15,225,39,flat,pushsum,371,1,1096,1,40000,0.5,0.018,
15,225,39,flat,gossip,386,1,1148,1,40000,0.5,0.017,
15,225,39,curved,heat,69,1,162,1,40000,0.5,0.003,
15,225,39,curved,pushsum,50,1,112,1,40000,0.5,0.002,
15,225,39,curved,gossip,617,1,1850,1,40000,0.5,0.025,
15,225,39,shuffled,heat,68,1,167,1,40000,0.5,0.005,connected_double_edge_swap
15,225,39,shuffled,pushsum,54,1,125,1,40000,0.5,0.003,connected_double_edge_swap
15,225,39,shuffled,gossip,468,1,1101,1,40000,0.5,0.015,connected_double_edge_swap
15,225,39,rreg4,heat,52,1,132,1,40000,0.5,0.003,rreg4_try0
15,225,39,rreg4,pushsum,32,1,81,1,40000,0.5,0.002,rreg4_try0
15,225,39,rreg4,gossip,32,1,81,1,40000,0.5,0.003,rreg4_try0
15,225,40,flat,heat,701,1,1838,1,40000,0.5,0.05,
15,225,40,flat,pushsum,453,1,1178,1,40000,0.5,0.025,
15,225,40,flat,gossip,473,1,1235,1,40000,0.5,0.022,
15,225,40,curved,heat,159,1,393,1,40000,0.5,0.008,
15,225,40,curved,pushsum,141,1,327,1,40000,0.5,0.007,
15,225,40,curved,gossip,599,1,1699,1,40000,0.5,0.027,
15,225,40,shuffled,heat,63,1,168,1,40000,0.5,0.004,connected_double_edge_swap
15,225,40,shuffled,pushsum,54,1,136,1,40000,0.5,0.003,connected_double_edge_swap
15,225,40,shuffled,gossip,428,1,1258,1,40000,0.5,0.019,connected_double_edge_swap
15,225,40,rreg4,heat,51,1,135,1,40000,0.5,0.003,rreg4_try0
15,225,40,rreg4,pushsum,31,1,82,1,40000,0.5,0.002,rreg4_try0
15,225,40,rreg4,gossip,31,1,82,1,40000,0.5,0.002,rreg4_try0
15,225,41,flat,heat,770,1,1907,1,40000,0.5,0.038,
15,225,41,flat,pushsum,498,1,1223,1,40000,0.5,0.024,
15,225,41,flat,gossip,521,1,1283,1,40000,0.5,0.024,
15,225,41,curved,heat,66,1,166,1,40000,0.5,0.003,
15,225,41,curved,pushsum,61,1,144,1,40000,0.5,0.003,
15,225,41,curved,gossip,1629,1,4168,1,40000,0.5,0.055,
15,225,41,shuffled,heat,78,1,206,1,40000,0.5,0.004,connected_double_edge_swap
15,225,41,shuffled,pushsum,66,1,169,1,40000,0.5,0.003,connected_double_edge_swap
15,225,41,shuffled,gossip,1109,1,2815,1,40000,0.5,0.036,connected_double_edge_swap
15,225,41,rreg4,heat,67,1,158,1,40000,0.5,0.004,rreg4_try0
15,225,41,rreg4,pushsum,41,1,97,1,40000,0.5,0.002,rreg4_try0
15,225,41,rreg4,gossip,41,1,97,1,40000,0.5,0.002,rreg4_try0
22,484,30,flat,heat,1530,1,4059,1,40000,0.5,0.081,
22,484,30,flat,pushsum,969,1,2571,1,40000,0.5,0.045,
22,484,30,flat,gossip,998,1,2654,1,40000,0.5,0.043,
22,484,30,curved,heat,103,1,254,1,40000,0.5,0.005,
22,484,30,curved,pushsum,71,1,170,1,40000,0.5,0.004,
22,484,30,curved,gossip,1807,1,4508,1,40000,0.5,0.071,
22,484,30,shuffled,heat,75,1,204,1,40000,0.5,0.005,connected_double_edge_swap
22,484,30,shuffled,pushsum,68,1,152,1,40000,0.5,0.003,connected_double_edge_swap
22,484,30,shuffled,gossip,1897,1,4592,1,40000,0.5,0.076,connected_double_edge_swap
22,484,30,rreg4,heat,62,1,153,1,40000,0.5,0.003,rreg4_try0
22,484,30,rreg4,pushsum,38,1,94,1,40000,0.5,0.003,rreg4_try0
22,484,30,rreg4,gossip,38,1,94,1,40000,0.5,0.002,rreg4_try0
22,484,31,flat,heat,1054,1,3582,1,40000,0.5,0.079,
22,484,31,flat,pushsum,623,1,2221,1,40000,0.5,0.053,
22,484,31,flat,gossip,644,1,2297,1,40000,0.5,0.039,
22,484,31,curved,heat,94,1,268,1,40000,0.5,0.008,
22,484,31,curved,pushsum,99,1,244,1,40000,0.5,0.005,
22,484,31,curved,gossip,2029,1,5480,1,40000,0.5,0.118,
22,484,31,shuffled,heat,91,1,231,1,40000,0.5,0.007,connected_double_edge_swap
22,484,31,shuffled,pushsum,78,1,186,1,40000,0.5,0.007,connected_double_edge_swap
22,484,31,shuffled,gossip,686,1,2523,1,40000,0.5,0.054,connected_double_edge_swap
22,484,31,rreg4,heat,59,1,144,1,40000,0.5,0.01,rreg4_try0
22,484,31,rreg4,pushsum,36,1,88,1,40000,0.5,0.003,rreg4_try0
22,484,31,rreg4,gossip,36,1,88,1,40000,0.5,0.002,rreg4_try0
22,484,32,flat,heat,1636,1,4164,1,40000,0.5,0.082,
22,484,32,flat,pushsum,1029,1,2630,1,40000,0.5,0.05,
22,484,32,flat,gossip,1058,1,2714,1,40000,0.5,0.04,
22,484,32,curved,heat,85,1,202,1,40000,0.5,0.005,
22,484,32,curved,pushsum,69,1,152,1,40000,0.5,0.004,
22,484,32,curved,gossip,3580,1,8467,1,40000,0.5,0.145,
22,484,32,shuffled,heat,80,1,234,1,40000,0.5,0.005,connected_double_edge_swap
22,484,32,shuffled,pushsum,76,1,201,1,40000,0.5,0.004,connected_double_edge_swap
22,484,32,shuffled,gossip,3085,1,9350,1,40000,0.5,0.135,connected_double_edge_swap
22,484,32,rreg4,heat,54,1,133,1,40000,0.5,0.003,rreg4_try0
22,484,32,rreg4,pushsum,33,1,81,1,40000,0.5,0.003,rreg4_try0
22,484,32,rreg4,gossip,33,1,81,1,40000,0.5,0.002,rreg4_try0
22,484,33,flat,heat,1606,1,4135,1,40000,0.5,0.09,
22,484,33,flat,pushsum,1049,1,2650,1,40000,0.5,0.049,
22,484,33,flat,gossip,1081,1,2737,1,40000,0.5,0.043,
22,484,33,curved,heat,109,1,280,1,40000,0.5,0.007,
22,484,33,curved,pushsum,86,1,208,1,40000,0.5,0.005,
22,484,33,curved,gossip,1263,1,3317,1,40000,0.5,0.056,
22,484,33,shuffled,heat,76,1,212,1,40000,0.5,0.005,connected_double_edge_swap
22,484,33,shuffled,pushsum,84,1,199,1,40000,0.5,0.007,connected_double_edge_swap
22,484,33,shuffled,gossip,793,1,2394,1,40000,0.5,0.044,connected_double_edge_swap
22,484,33,rreg4,heat,58,1,144,1,40000,0.5,0.003,rreg4_try0
22,484,33,rreg4,pushsum,36,1,88,1,40000,0.5,0.002,rreg4_try0
22,484,33,rreg4,gossip,36,1,88,1,40000,0.5,0.002,rreg4_try0
22,484,34,flat,heat,1258,1,3787,1,40000,0.5,0.093,
22,484,34,flat,pushsum,845,1,2446,1,40000,0.5,0.053,
22,484,34,flat,gossip,870,1,2526,1,40000,0.5,0.041,
22,484,34,curved,heat,105,1,286,1,40000,0.5,0.007,
22,484,34,curved,pushsum,55,1,174,1,40000,0.5,0.005,
22,484,34,curved,gossip,2150,1,5691,1,40000,0.5,0.108,
22,484,34,shuffled,heat,94,1,231,1,40000,0.5,0.006,connected_double_edge_swap
22,484,34,shuffled,pushsum,73,1,177,1,40000,0.5,0.004,connected_double_edge_swap
22,484,34,shuffled,gossip,1049,1,3417,1,40000,0.5,0.083,connected_double_edge_swap
22,484,34,rreg4,heat,63,1,151,1,40000,0.5,0.005,rreg4_try0
22,484,34,rreg4,pushsum,38,1,93,1,40000,0.5,0.003,rreg4_try0
22,484,34,rreg4,gossip,38,1,93,1,40000,0.5,0.003,rreg4_try0
22,484,35,flat,heat,1362,1,3891,1,40000,0.5,0.08,
22,484,35,flat,pushsum,897,1,2499,1,40000,0.5,0.047,
22,484,35,flat,gossip,925,1,2581,1,40000,0.5,0.04,
22,484,35,curved,heat,182,1,442,1,40000,0.5,0.012,
22,484,35,curved,pushsum,127,1,305,1,40000,0.5,0.009,
22,484,35,curved,gossip,1351,1,3791,1,40000,0.5,0.083,
22,484,35,shuffled,heat,87,1,231,1,40000,0.5,0.007,connected_double_edge_swap
22,484,35,shuffled,pushsum,68,1,184,1,40000,0.5,0.005,connected_double_edge_swap
22,484,35,shuffled,gossip,588,1,1532,1,40000,0.5,0.033,connected_double_edge_swap
22,484,35,rreg4,heat,65,1,153,1,40000,0.5,0.005,rreg4_try0
22,484,35,rreg4,pushsum,40,1,94,1,40000,0.5,0.003,rreg4_try0
22,484,35,rreg4,gossip,40,1,94,1,40000,0.5,0.003,rreg4_try0
22,484,36,flat,heat,1525,1,4053,1,40000,0.5,0.106,
22,484,36,flat,pushsum,954,1,2556,1,40000,0.5,0.068,
22,484,36,flat,gossip,983,1,2639,1,40000,0.5,0.047,
22,484,36,curved,heat,98,1,254,1,40000,0.5,0.009,
22,484,36,curved,pushsum,89,1,224,1,40000,0.5,0.008,
22,484,36,curved,gossip,1676,1,4278,1,40000,0.5,0.093,
22,484,36,shuffled,heat,96,1,269,1,40000,0.5,0.007,connected_double_edge_swap
22,484,36,shuffled,pushsum,76,1,197,1,40000,0.5,0.006,connected_double_edge_swap
22,484,36,shuffled,gossip,428,1,1597,1,40000,0.5,0.031,connected_double_edge_swap
22,484,36,rreg4,heat,56,1,140,1,40000,0.5,0.005,rreg4_try0
22,484,36,rreg4,pushsum,34,1,86,1,40000,0.5,0.003,rreg4_try0
22,484,36,rreg4,gossip,34,1,86,1,40000,0.5,0.004,rreg4_try0
22,484,37,flat,heat,1312,1,3841,1,40000,0.5,0.08,
22,484,37,flat,pushsum,846,1,2448,1,40000,0.5,0.052,
22,484,37,flat,gossip,870,1,2526,1,40000,0.5,0.044,
22,484,37,curved,heat,104,1,251,1,40000,0.5,0.007,
22,484,37,curved,pushsum,89,1,212,1,40000,0.5,0.006,
22,484,37,curved,gossip,3234,1,7566,1,40000,0.5,0.151,
22,484,37,shuffled,heat,87,1,248,1,40000,0.5,0.008,connected_double_edge_swap
22,484,37,shuffled,pushsum,55,1,141,1,40000,0.5,0.006,connected_double_edge_swap
22,484,37,shuffled,gossip,1828,1,4715,1,40000,0.5,0.109,connected_double_edge_swap
22,484,37,rreg4,heat,68,1,162,1,40000,0.5,0.005,rreg4_try0
22,484,37,rreg4,pushsum,42,1,99,1,40000,0.5,0.004,rreg4_try0
22,484,37,rreg4,gossip,42,1,99,1,40000,0.5,0.004,rreg4_try0
22,484,38,flat,heat,1153,1,3681,1,40000,0.5,0.084,
22,484,38,flat,pushsum,753,1,2355,1,40000,0.5,0.049,
22,484,38,flat,gossip,777,1,2433,1,40000,0.5,0.041,
22,484,38,curved,heat,126,1,311,1,40000,0.5,0.007,
22,484,38,curved,pushsum,101,1,223,1,40000,0.5,0.005,
22,484,38,curved,gossip,933,1,2262,1,40000,0.5,0.036,
22,484,38,shuffled,heat,75,1,200,1,40000,0.5,0.005,connected_double_edge_swap
22,484,38,shuffled,pushsum,58,1,157,1,40000,0.5,0.007,connected_double_edge_swap
22,484,38,shuffled,gossip,672,1,2005,1,40000,0.5,0.035,connected_double_edge_swap
22,484,38,rreg4,heat,59,1,142,1,40000,0.5,0.004,rreg4_try0
22,484,38,rreg4,pushsum,36,1,87,1,40000,0.5,0.003,rreg4_try0
22,484,38,rreg4,gossip,36,1,87,1,40000,0.5,0.004,rreg4_try0
22,484,39,flat,heat,1089,1,3613,1,40000,0.5,0.073,
22,484,39,flat,pushsum,668,1,2264,1,40000,0.5,0.045,
22,484,39,flat,gossip,683,1,2333,1,40000,0.5,0.045,
22,484,39,curved,heat,111,1,301,1,40000,0.5,0.006,
22,484,39,curved,pushsum,97,1,246,1,40000,0.5,0.005,
22,484,39,curved,gossip,863,1,2982,1,40000,0.5,0.044,
22,484,39,shuffled,heat,96,1,232,1,40000,0.5,0.005,connected_double_edge_swap
22,484,39,shuffled,pushsum,82,1,190,1,40000,0.5,0.004,connected_double_edge_swap
22,484,39,shuffled,gossip,1096,1,3313,1,40000,0.5,0.052,connected_double_edge_swap
22,484,39,rreg4,heat,59,1,140,1,40000,0.5,0.004,rreg4_try0
22,484,39,rreg4,pushsum,36,1,85,1,40000,0.5,0.003,rreg4_try0
22,484,39,rreg4,gossip,36,1,85,1,40000,0.5,0.003,rreg4_try0
22,484,40,flat,heat,1436,1,3965,1,40000,0.5,0.1,
22,484,40,flat,pushsum,931,1,2532,1,40000,0.5,0.053,
22,484,40,flat,gossip,958,1,2614,1,40000,0.5,0.054,
22,484,40,curved,heat,171,1,424,1,40000,0.5,0.01,
22,484,40,curved,pushsum,135,1,328,1,40000,0.5,0.009,
22,484,40,curved,gossip,1553,1,4079,1,40000,0.5,0.081,
22,484,40,shuffled,heat,97,1,238,1,40000,0.5,0.007,connected_double_edge_swap
22,484,40,shuffled,pushsum,77,1,189,1,40000,0.5,0.006,connected_double_edge_swap
22,484,40,shuffled,gossip,493,1,1644,1,40000,0.5,0.037,connected_double_edge_swap
22,484,40,rreg4,heat,53,1,133,1,40000,0.5,0.004,rreg4_try0
22,484,40,rreg4,pushsum,32,1,81,1,40000,0.5,0.004,rreg4_try0
22,484,40,rreg4,gossip,32,1,81,1,40000,0.5,0.004,rreg4_try0
22,484,41,flat,heat,1734,1,4263,1,40000,0.5,0.122,
22,484,41,flat,pushsum,1107,1,2709,1,40000,0.5,0.062,
22,484,41,flat,gossip,1142,1,2798,1,40000,0.5,0.044,
22,484,41,curved,heat,102,1,269,1,40000,0.5,0.008,
22,484,41,curved,pushsum,79,1,219,1,40000,0.5,0.006,
22,484,41,curved,gossip,3522,1,9063,1,40000,0.5,0.157,
22,484,41,shuffled,heat,74,1,232,1,40000,0.5,0.005,connected_double_edge_swap
22,484,41,shuffled,pushsum,65,1,208,1,40000,0.5,0.007,connected_double_edge_swap
22,484,41,shuffled,gossip,1703,1,7249,1,40000,0.5,0.161,connected_double_edge_swap
22,484,41,rreg4,heat,65,1,158,1,40000,0.5,0.005,rreg4_try0
22,484,41,rreg4,pushsum,40,1,97,1,40000,0.5,0.003,rreg4_try0
22,484,41,rreg4,gossip,40,1,97,1,40000,0.5,0.003,rreg4_try0
32,1024,30,flat,heat,2718,1,8186,1,40000,0.5,0.178,
32,1024,30,flat,pushsum,1693,1,5142,1,40000,0.5,0.12,
32,1024,30,flat,gossip,1725,1,5253,1,40000,0.5,0.092,
32,1024,30,curved,heat,173,1,496,1,40000,0.5,0.013,
32,1024,30,curved,pushsum,130,1,329,1,40000,0.5,0.012,
32,1024,30,curved,gossip,2680,1,7724,1,40000,0.5,0.174,
32,1024,30,shuffled,heat,72,1,177,1,40000,0.5,0.006,connected_double_edge_swap
32,1024,30,shuffled,pushsum,61,1,155,1,40000,0.5,0.007,connected_double_edge_swap
32,1024,30,shuffled,gossip,1686,1,5741,1,40000,0.5,0.137,connected_double_edge_swap
32,1024,30,rreg4,heat,62,1,153,1,40000,0.5,0.004,rreg4_try0
32,1024,30,rreg4,pushsum,38,1,94,1,40000,0.5,0.004,rreg4_try0
32,1024,30,rreg4,gossip,38,1,94,1,40000,0.5,0.003,rreg4_try0
32,1024,31,flat,heat,3492,1,8960,1,40000,0.5,0.263,
32,1024,31,flat,pushsum,2181,1,5630,1,40000,0.5,0.172,
32,1024,31,flat,gossip,2224,1,5752,1,40000,0.5,0.111,
32,1024,31,curved,heat,218,1,608,1,40000,0.5,0.018,
32,1024,31,curved,pushsum,133,1,376,1,40000,0.5,0.014,
32,1024,31,curved,gossip,2417,1,7996,1,40000,0.5,0.173,
32,1024,31,shuffled,heat,82,1,282,1,40000,0.5,0.009,connected_double_edge_swap
32,1024,31,shuffled,pushsum,88,1,250,1,40000,0.5,0.009,connected_double_edge_swap
32,1024,31,shuffled,gossip,1357,1,4382,1,40000,0.5,0.099,connected_double_edge_swap
32,1024,31,rreg4,heat,61,1,154,1,40000,0.5,0.005,rreg4_try0
32,1024,31,rreg4,pushsum,38,1,94,1,40000,0.5,0.004,rreg4_try0
32,1024,31,rreg4,gossip,38,1,94,1,40000,0.5,0.003,rreg4_try0
32,1024,32,flat,heat,2780,1,8249,1,40000,0.5,0.203,
32,1024,32,flat,pushsum,1787,1,5236,1,40000,0.5,0.119,
32,1024,32,flat,gossip,1824,1,5352,1,40000,0.5,0.101,
32,1024,32,curved,heat,122,1,321,1,40000,0.5,0.01,
32,1024,32,curved,pushsum,93,1,229,1,40000,0.5,0.008,
32,1024,32,curved,gossip,3631,1,9674,1,40000,0.5,0.185,
32,1024,32,shuffled,heat,85,1,236,1,40000,0.5,0.007,connected_double_edge_swap
32,1024,32,shuffled,pushsum,79,1,199,1,40000,0.5,0.007,connected_double_edge_swap
32,1024,32,shuffled,gossip,1058,1,3733,1,40000,0.5,0.108,connected_double_edge_swap
32,1024,32,rreg4,heat,65,1,163,1,40000,0.5,0.005,rreg4_try0
32,1024,32,rreg4,pushsum,40,1,100,1,40000,0.5,0.004,rreg4_try0
32,1024,32,rreg4,gossip,40,1,100,1,40000,0.5,0.003,rreg4_try0
32,1024,33,flat,heat,2953,1,8422,1,40000,0.5,0.212,
32,1024,33,flat,pushsum,1934,1,5384,1,40000,0.5,0.134,
32,1024,33,flat,gossip,1972,1,5500,1,40000,0.5,0.114,
32,1024,33,curved,heat,114,1,290,1,40000,0.5,0.009,
32,1024,33,curved,pushsum,98,1,241,1,40000,0.5,0.008,
32,1024,33,curved,gossip,5550,1,14655,1,40000,0.5,0.281,
32,1024,33,shuffled,heat,84,1,222,1,40000,0.5,0.006,connected_double_edge_swap
32,1024,33,shuffled,pushsum,75,1,184,1,40000,0.5,0.006,connected_double_edge_swap
32,1024,33,shuffled,gossip,2962,1,7584,1,40000,0.5,0.166,connected_double_edge_swap
32,1024,33,rreg4,heat,63,1,159,1,40000,0.5,0.005,rreg4_try0
32,1024,33,rreg4,pushsum,38,1,97,1,40000,0.5,0.004,rreg4_try0
32,1024,33,rreg4,gossip,38,1,97,1,40000,0.5,0.004,rreg4_try0
32,1024,34,flat,heat,2891,1,8359,1,40000,0.5,0.219,
32,1024,34,flat,pushsum,1839,1,5289,1,40000,0.5,0.146,
32,1024,34,flat,gossip,1875,1,5403,1,40000,0.5,0.114,
32,1024,34,curved,heat,166,1,458,1,40000,0.5,0.015,
32,1024,34,curved,pushsum,125,1,326,1,40000,0.5,0.011,
32,1024,34,curved,gossip,5561,1,14622,1,40000,0.5,0.313,
32,1024,34,shuffled,heat,71,1,189,1,40000,0.5,0.007,connected_double_edge_swap
32,1024,34,shuffled,pushsum,63,1,158,1,40000,0.5,0.006,connected_double_edge_swap
32,1024,34,shuffled,gossip,1961,1,5720,1,40000,0.5,0.144,connected_double_edge_swap
32,1024,34,rreg4,heat,61,1,147,1,40000,0.5,0.004,rreg4_try0
32,1024,34,rreg4,pushsum,37,1,90,1,40000,0.5,0.004,rreg4_try0
32,1024,34,rreg4,gossip,37,1,90,1,40000,0.5,0.004,rreg4_try0
32,1024,35,flat,heat,2368,1,7835,1,40000,0.5,0.19,
32,1024,35,flat,pushsum,1496,1,4945,1,40000,0.5,0.131,
32,1024,35,flat,gossip,1522,1,5049,1,40000,0.5,0.098,
32,1024,35,curved,heat,128,1,379,1,40000,0.5,0.011,
32,1024,35,curved,pushsum,119,1,334,1,40000,0.5,0.011,
32,1024,35,curved,gossip,5720,1,15292,1,40000,0.5,0.33,
32,1024,35,shuffled,heat,93,1,271,1,40000,0.5,0.009,connected_double_edge_swap
32,1024,35,shuffled,pushsum,79,1,220,1,40000,0.5,0.008,connected_double_edge_swap
32,1024,35,shuffled,gossip,3139,1,9766,1,40000,0.5,0.192,connected_double_edge_swap
32,1024,35,rreg4,heat,60,1,151,1,40000,0.5,0.005,rreg4_try0
32,1024,35,rreg4,pushsum,37,1,93,1,40000,0.5,0.003,rreg4_try0
32,1024,35,rreg4,gossip,37,1,93,1,40000,0.5,0.003,rreg4_try0
32,1024,36,flat,heat,2926,1,8394,1,40000,0.5,0.229,
32,1024,36,flat,pushsum,1870,1,5319,1,40000,0.5,0.183,
32,1024,36,flat,gossip,1907,1,5435,1,40000,0.5,0.152,
32,1024,36,curved,heat,161,1,449,1,40000,0.5,0.015,
32,1024,36,curved,pushsum,118,1,297,1,40000,0.5,0.015,
32,1024,36,curved,gossip,4968,1,12555,1,40000,0.5,0.283,
32,1024,36,shuffled,heat,67,1,172,1,40000,0.5,0.007,connected_double_edge_swap
32,1024,36,shuffled,pushsum,59,1,166,1,40000,0.5,0.008,connected_double_edge_swap
32,1024,36,shuffled,gossip,2248,1,7036,1,40000,0.5,0.164,connected_double_edge_swap
32,1024,36,rreg4,heat,61,1,150,1,40000,0.5,0.005,rreg4_try0
32,1024,36,rreg4,pushsum,37,1,92,1,40000,0.5,0.004,rreg4_try0
32,1024,36,rreg4,gossip,37,1,92,1,40000,0.5,0.004,rreg4_try0
32,1024,37,flat,heat,3470,1,8939,1,40000,0.5,0.247,
32,1024,37,flat,pushsum,2187,1,5636,1,40000,0.5,0.172,
32,1024,37,flat,gossip,2229,1,5757,1,40000,0.5,0.119,
32,1024,37,curved,heat,147,1,400,1,40000,0.5,0.013,
32,1024,37,curved,pushsum,114,1,277,1,40000,0.5,0.01,
32,1024,37,curved,gossip,7388,1,17444,1,40000,0.5,0.408,
32,1024,37,shuffled,heat,77,1,217,1,40000,0.5,0.007,connected_double_edge_swap
32,1024,37,shuffled,pushsum,67,1,187,1,40000,0.5,0.006,connected_double_edge_swap
32,1024,37,shuffled,gossip,3141,1,8151,1,40000,0.5,0.185,connected_double_edge_swap
32,1024,37,rreg4,heat,63,1,151,1,40000,0.5,0.004,rreg4_try0
32,1024,37,rreg4,pushsum,38,1,92,1,40000,0.5,0.005,rreg4_try0
32,1024,37,rreg4,gossip,38,1,92,1,40000,0.5,0.005,rreg4_try0
32,1024,38,flat,heat,2771,1,8239,1,40000,0.5,0.212,
32,1024,38,flat,pushsum,1751,1,5201,1,40000,0.5,0.138,
32,1024,38,flat,gossip,1787,1,5315,1,40000,0.5,0.112,
32,1024,38,curved,heat,175,1,451,1,40000,0.5,0.014,
32,1024,38,curved,pushsum,124,1,299,1,40000,0.5,0.01,
32,1024,38,curved,gossip,4845,1,12557,1,40000,0.5,0.252,
32,1024,38,shuffled,heat,88,1,236,1,40000,0.5,0.007,connected_double_edge_swap
32,1024,38,shuffled,pushsum,68,1,170,1,40000,0.5,0.005,connected_double_edge_swap
32,1024,38,shuffled,gossip,2096,1,5824,1,40000,0.5,0.127,connected_double_edge_swap
32,1024,38,rreg4,heat,63,1,152,1,40000,0.5,0.005,rreg4_try0
32,1024,38,rreg4,pushsum,38,1,93,1,40000,0.5,0.004,rreg4_try0
32,1024,38,rreg4,gossip,38,1,93,1,40000,0.5,0.003,rreg4_try0
32,1024,39,flat,heat,3092,1,8561,1,40000,0.5,0.229,
32,1024,39,flat,pushsum,1944,1,5394,1,40000,0.5,0.141,
32,1024,39,flat,gossip,1983,1,5511,1,40000,0.5,0.109,
32,1024,39,curved,heat,124,1,396,1,40000,0.5,0.012,
32,1024,39,curved,pushsum,104,1,316,1,40000,0.5,0.011,
32,1024,39,curved,gossip,5261,1,15159,1,40000,0.5,0.308,
32,1024,39,shuffled,heat,66,1,175,1,40000,0.5,0.005,connected_double_edge_swap
32,1024,39,shuffled,pushsum,60,1,158,1,40000,0.5,0.005,connected_double_edge_swap
32,1024,39,shuffled,gossip,2209,1,6458,1,40000,0.5,0.134,connected_double_edge_swap
32,1024,39,rreg4,heat,61,1,147,1,40000,0.5,0.006,rreg4_try0
32,1024,39,rreg4,pushsum,37,1,90,1,40000,0.5,0.004,rreg4_try0
32,1024,39,rreg4,gossip,37,1,90,1,40000,0.5,0.004,rreg4_try0
32,1024,40,flat,heat,2817,1,8286,1,40000,0.5,0.199,
32,1024,40,flat,pushsum,1684,1,5134,1,40000,0.5,0.129,
32,1024,40,flat,gossip,1716,1,5244,1,40000,0.5,0.099,
32,1024,40,curved,heat,188,1,502,1,40000,0.5,0.012,
32,1024,40,curved,pushsum,122,1,317,1,40000,0.5,0.009,
32,1024,40,curved,gossip,2746,1,7210,1,40000,0.5,0.145,
32,1024,40,shuffled,heat,95,1,301,1,40000,0.5,0.009,connected_double_edge_swap
32,1024,40,shuffled,pushsum,79,1,244,1,40000,0.5,0.009,connected_double_edge_swap
32,1024,40,shuffled,gossip,1885,1,5781,1,40000,0.5,0.117,connected_double_edge_swap
32,1024,40,rreg4,heat,55,1,145,1,40000,0.5,0.005,rreg4_try0
32,1024,40,rreg4,pushsum,34,1,89,1,40000,0.5,0.008,rreg4_try0
32,1024,40,rreg4,gossip,34,1,89,1,40000,0.5,0.005,rreg4_try0
32,1024,41,flat,heat,2376,1,7844,1,40000,0.5,0.186,
32,1024,41,flat,pushsum,1394,1,4842,1,40000,0.5,0.119,
32,1024,41,flat,gossip,1420,1,4947,1,40000,0.5,0.095,
32,1024,41,curved,heat,133,1,337,1,40000,0.5,0.01,
32,1024,41,curved,pushsum,110,1,253,1,40000,0.5,0.007,
32,1024,41,curved,gossip,7350,1,18721,1,40000,0.5,0.358,
32,1024,41,shuffled,heat,77,1,191,1,40000,0.5,0.006,connected_double_edge_swap
32,1024,41,shuffled,pushsum,63,1,150,1,40000,0.5,0.005,connected_double_edge_swap
32,1024,41,shuffled,gossip,2911,1,8019,1,40000,0.5,0.173,connected_double_edge_swap
32,1024,41,rreg4,heat,62,1,149,1,40000,0.5,0.005,rreg4_try0
32,1024,41,rreg4,pushsum,38,1,91,1,40000,0.5,0.004,rreg4_try0
32,1024,41,rreg4,gossip,38,1,91,1,40000,0.5,0.003,rreg4_try0
