side,seed,family,nodes,edges,connected,mean_deg,max_deg,diam,mean_path_len,gromov_delta_max,delta_over_diam,lambda2_norm,build_secs,note
15,30,flat,225,420,1,3.7333,4,28,10.0,11.0,0.3929,0.01210832,1.3,
15,30,curved,225,421,1,3.7422,110,7,3.0908,1.0,0.1429,0.11719496,1.3,
15,30,shuffled,225,421,1,3.7422,110,7,3.1054,1.0,0.1429,0.1334437,1.3,connected_double_edge_swap
15,30,rreg4,225,450,1,4.0,4,7,4.261,2.5,0.3571,0.15798871,1.3,rreg4_try0
15,31,flat,225,420,1,3.7333,4,28,10.0,9.0,0.3214,0.01210832,1.36,
15,31,curved,225,420,1,3.7333,91,8,3.3808,1.0,0.125,0.0943329,1.36,
15,31,shuffled,225,420,1,3.7333,91,7,3.3137,1.0,0.1429,0.14009219,1.36,connected_double_edge_swap
15,31,rreg4,225,450,1,4.0,4,7,4.2485,2.5,0.3571,0.14539144,1.36,rreg4_try0
15,32,flat,225,420,1,3.7333,4,28,10.0,9.0,0.3214,0.01210832,1.28,
15,32,curved,225,420,1,3.7333,58,9,3.7402,1.5,0.1667,0.11760754,1.28,
15,32,shuffled,225,420,1,3.7333,58,10,3.6317,1.5,0.15,0.06567397,1.28,connected_double_edge_swap
15,32,rreg4,225,450,1,4.0,4,7,4.332,2.5,0.3571,0.13733281,1.28,rreg4_try0
15,33,flat,225,420,1,3.7333,4,28,10.0,11.0,0.3929,0.01210832,1.28,
15,33,curved,225,420,1,3.7333,54,8,3.6242,1.5,0.1875,0.10458887,1.28,
15,33,shuffled,225,420,1,3.7333,54,9,3.6053,1.5,0.1667,0.09651916,1.28,connected_double_edge_swap
15,33,rreg4,225,450,1,4.0,4,7,4.3347,2.5,0.3571,0.13245994,1.28,rreg4_try0
15,34,flat,225,420,1,3.7333,4,28,10.0,9.0,0.3214,0.01210832,1.37,
15,34,curved,225,420,1,3.7333,91,7,3.2967,1.0,0.1429,0.12001283,1.37,
15,34,shuffled,225,420,1,3.7333,91,7,3.2516,1.5,0.2143,0.16040746,1.37,connected_double_edge_swap
15,34,rreg4,225,450,1,4.0,4,7,4.2627,2.5,0.3571,0.15718426,1.37,rreg4_try0
15,35,flat,225,420,1,3.7333,4,28,10.0,10.0,0.3571,0.01210832,1.63,
15,35,curved,225,421,1,3.7422,118,7,3.0689,1.0,0.1429,0.12936908,1.63,
15,35,shuffled,225,421,1,3.7422,118,9,3.0499,1.5,0.1667,0.07438514,1.63,connected_double_edge_swap
15,35,rreg4,225,450,1,4.0,4,7,4.2754,2.5,0.3571,0.15039158,1.63,rreg4_try0
15,36,flat,225,420,1,3.7333,4,28,10.0,12.0,0.4286,0.01210832,1.38,
15,36,curved,225,420,1,3.7333,101,7,3.1879,1.0,0.1429,0.13025459,1.38,
15,36,shuffled,225,420,1,3.7333,101,8,3.1989,1.0,0.125,0.13496226,1.38,connected_double_edge_swap
15,36,rreg4,225,450,1,4.0,4,7,4.2824,2.5,0.3571,0.14856941,1.38,rreg4_try0
15,37,flat,225,420,1,3.7333,4,28,10.0,10.0,0.3571,0.01210832,1.38,
15,37,curved,225,420,1,3.7333,115,6,3.0408,1.0,0.1667,0.12158305,1.38,
15,37,shuffled,225,420,1,3.7333,115,8,3.1212,1.5,0.1875,0.1080267,1.38,connected_double_edge_swap
15,37,rreg4,225,450,1,4.0,4,7,4.2952,2.5,0.3571,0.13278876,1.38,rreg4_try0
15,38,flat,225,420,1,3.7333,4,28,10.0,8.0,0.2857,0.01210832,1.31,
15,38,curved,225,421,1,3.7422,84,8,3.3161,1.0,0.125,0.1151536,1.31,
15,38,shuffled,225,421,1,3.7422,84,8,3.2981,1.5,0.1875,0.13018647,1.31,connected_double_edge_swap
15,38,rreg4,225,450,1,4.0,4,7,4.278,2.5,0.3571,0.14109928,1.31,rreg4_try0
15,39,flat,225,420,1,3.7333,4,28,10.0,10.0,0.3571,0.01210832,1.25,
15,39,curved,225,421,1,3.7422,88,7,3.1858,1.0,0.1429,0.13360332,1.25,
15,39,shuffled,225,421,1,3.7422,88,7,3.2556,1.5,0.2143,0.13423132,1.25,connected_double_edge_swap
15,39,rreg4,225,450,1,4.0,4,7,4.277,2.5,0.3571,0.13978708,1.25,rreg4_try0
15,40,flat,225,420,1,3.7333,4,28,10.0,9.0,0.3214,0.01210832,1.32,
15,40,curved,225,421,1,3.7422,58,9,3.8408,1.0,0.1111,0.05821095,1.32,
15,40,shuffled,225,421,1,3.7422,58,8,3.6279,1.5,0.1875,0.12338309,1.32,connected_double_edge_swap
15,40,rreg4,225,450,1,4.0,4,7,4.2981,2.5,0.3571,0.14657299,1.32,rreg4_try0
15,41,flat,225,420,1,3.7333,4,28,10.0,10.0,0.3571,0.01210832,1.11,
15,41,curved,225,420,1,3.7333,122,6,2.9434,1.0,0.1667,0.12920129,1.11,
15,41,shuffled,225,420,1,3.7333,122,8,3.0209,1.0,0.125,0.10405055,1.11,connected_double_edge_swap
15,41,rreg4,225,450,1,4.0,4,7,4.2933,2.5,0.3571,0.14691947,1.11,rreg4_try0
22,30,flat,484,924,1,3.8182,4,42,14.6667,14.0,0.3333,0.00545551,5.11,
22,30,curved,484,924,1,3.8182,127,8,3.7089,1.0,0.125,0.0874065,5.11,
22,30,shuffled,484,924,1,3.8182,127,9,3.6593,1.5,0.1667,0.09700694,5.11,connected_double_edge_swap
22,30,rreg4,484,968,1,4.0,4,8,4.976,2.5,0.3125,0.14285677,5.11,rreg4_try0
22,31,flat,484,924,1,3.8182,4,42,14.6667,15.0,0.3571,0.00545551,6.45,
22,31,curved,484,924,1,3.8182,134,9,3.8876,1.0,0.1111,0.07047413,6.45,
22,31,shuffled,484,924,1,3.8182,134,10,3.7726,1.5,0.15,0.08730438,6.45,connected_double_edge_swap
22,31,rreg4,484,968,1,4.0,4,8,4.9751,2.5,0.3125,0.13970813,6.45,rreg4_try0
22,32,flat,484,924,1,3.8182,4,42,14.6667,14.0,0.3333,0.00545551,6.15,
22,32,curved,484,924,1,3.8182,224,7,3.223,1.0,0.1429,0.10581509,6.15,
22,32,shuffled,484,924,1,3.8182,224,8,3.3042,1.0,0.125,0.08714381,6.15,connected_double_edge_swap
22,32,rreg4,484,968,1,4.0,4,8,4.9691,2.5,0.3125,0.14531102,6.15,rreg4_try0
22,33,flat,484,924,1,3.8182,4,42,14.6667,13.0,0.3095,0.00545551,6.03,
22,33,curved,484,926,1,3.8264,117,9,3.8353,1.0,0.1111,0.07793632,6.03,
22,33,shuffled,484,926,1,3.8264,117,10,3.7932,1.5,0.15,0.09109512,6.03,connected_double_edge_swap
22,33,rreg4,484,968,1,4.0,4,8,4.9647,3.0,0.375,0.1422208,6.03,rreg4_try0
22,34,flat,484,924,1,3.8182,4,42,14.6667,14.0,0.3333,0.00545551,6.77,
22,34,curved,484,926,1,3.8264,171,9,3.5,1.0,0.1111,0.07486906,6.77,
22,34,shuffled,484,926,1,3.8264,171,10,3.5496,1.0,0.1,0.09804567,6.77,connected_double_edge_swap
22,34,rreg4,484,968,1,4.0,4,8,4.9866,2.5,0.3125,0.13820221,6.77,rreg4_try0
22,35,flat,484,924,1,3.8182,4,42,14.6667,13.0,0.3095,0.00545551,6.53,
22,35,curved,484,924,1,3.8182,87,11,4.2324,2.0,0.1818,0.05233391,6.53,
22,35,shuffled,484,924,1,3.8182,87,10,3.8895,1.5,0.15,0.09271806,6.53,connected_double_edge_swap
22,35,rreg4,484,968,1,4.0,4,8,4.9773,2.5,0.3125,0.14539275,6.53,rreg4_try0
22,36,flat,484,924,1,3.8182,4,42,14.6667,14.0,0.3333,0.00545551,6.65,
22,36,curved,484,926,1,3.8264,92,10,4.0001,1.5,0.15,0.07108874,6.65,
22,36,shuffled,484,926,1,3.8264,92,10,3.897,1.0,0.1,0.07816426,6.65,connected_double_edge_swap
22,36,rreg4,484,968,1,4.0,4,8,4.9736,2.5,0.3125,0.13811584,6.65,rreg4_try0
22,37,flat,484,924,1,3.8182,4,42,14.6667,15.0,0.3571,0.00545551,6.51,
22,37,curved,484,924,1,3.8182,207,8,3.3746,1.0,0.125,0.08699856,6.51,
22,37,shuffled,484,924,1,3.8182,207,9,3.3968,1.0,0.1111,0.08398576,6.51,connected_double_edge_swap
22,37,rreg4,484,968,1,4.0,4,8,4.985,2.5,0.3125,0.14023717,6.51,rreg4_try0
22,38,flat,484,924,1,3.8182,4,42,14.6667,14.0,0.3333,0.00545551,7.02,
22,38,curved,484,925,1,3.8223,95,10,4.0324,1.0,0.1,0.07085754,7.02,
22,38,shuffled,484,925,1,3.8223,95,10,3.8051,1.5,0.15,0.09900744,7.02,connected_double_edge_swap
22,38,rreg4,484,968,1,4.0,4,8,4.9714,2.5,0.3125,0.13901114,7.02,rreg4_try0
22,39,flat,484,924,1,3.8182,4,42,14.6667,14.0,0.3333,0.00545551,6.02,
22,39,curved,484,926,1,3.8264,104,10,3.9043,1.0,0.1,0.06780055,6.02,
22,39,shuffled,484,926,1,3.8264,104,10,3.7892,1.5,0.15,0.09735192,6.02,connected_double_edge_swap
22,39,rreg4,484,968,1,4.0,4,8,4.9668,2.5,0.3125,0.14958937,6.02,rreg4_try0
22,40,flat,484,924,1,3.8182,4,42,14.6667,16.0,0.381,0.00545551,6.32,
22,40,curved,484,924,1,3.8182,82,11,4.2049,1.5,0.1364,0.05339268,6.32,
22,40,shuffled,484,924,1,3.8182,82,10,3.9254,1.5,0.15,0.09542443,6.32,connected_double_edge_swap
22,40,rreg4,484,968,1,4.0,4,8,4.9763,2.5,0.3125,0.13841321,6.32,rreg4_try0
22,41,flat,484,924,1,3.8182,4,42,14.6667,16.0,0.381,0.00545551,6.88,
22,41,curved,484,925,1,3.8223,207,9,3.3911,2.0,0.2222,0.07592854,6.88,
22,41,shuffled,484,925,1,3.8223,207,8,3.4229,1.0,0.125,0.07614882,6.88,connected_double_edge_swap
22,41,rreg4,484,968,1,4.0,4,8,4.9905,2.5,0.3125,0.14084173,6.88,rreg4_try0
32,30,flat,1024,1984,1,3.875,4,62,21.3333,20.0,0.3226,0.00252477,27.83,
32,30,curved,1024,1988,1,3.8828,144,12,4.5058,1.5,0.125,0.04021476,27.83,
32,30,shuffled,1024,1988,1,3.8828,144,10,4.1683,1.5,0.15,0.11093149,27.83,connected_double_edge_swap
32,30,rreg4,1024,2048,1,4.0,4,9,5.654,3.0,0.3333,0.13605256,27.83,rreg4_try0
32,31,flat,1024,1984,1,3.875,4,62,21.3333,19.0,0.3065,0.00252477,28.92,
32,31,curved,1024,1987,1,3.8809,162,12,4.5118,2.0,0.1667,0.03494962,28.92,
32,31,shuffled,1024,1987,1,3.8809,162,11,4.1477,1.5,0.1364,0.06614179,28.92,connected_double_edge_swap
32,31,rreg4,1024,2048,1,4.0,4,9,5.663,3.0,0.3333,0.14013897,28.92,rreg4_try0
32,32,flat,1024,1984,1,3.875,4,62,21.3333,20.0,0.3226,0.00252477,29.39,
32,32,curved,1024,1987,1,3.8809,219,9,4.1003,1.0,0.1111,0.05674619,29.39,
32,32,shuffled,1024,1987,1,3.8809,219,10,4.016,1.0,0.1,0.08878884,29.39,connected_double_edge_swap
32,32,rreg4,1024,2048,1,4.0,4,9,5.6654,2.5,0.2778,0.13359695,29.39,rreg4_try0
32,33,flat,1024,1984,1,3.875,4,62,21.3333,20.0,0.3226,0.00252477,30.94,
32,33,curved,1024,1986,1,3.8789,333,10,3.8205,1.0,0.1,0.07036218,30.94,
32,33,shuffled,1024,1986,1,3.8789,333,9,3.6968,1.5,0.1667,0.09427435,30.94,connected_double_edge_swap
32,33,rreg4,1024,2048,1,4.0,4,9,5.6708,3.0,0.3333,0.1324666,30.94,rreg4_try0
32,34,flat,1024,1984,1,3.875,4,62,21.3333,20.0,0.3226,0.00252477,31.79,
32,34,curved,1024,1986,1,3.8789,272,10,4.0849,1.0,0.1,0.04441893,31.79,
32,34,shuffled,1024,1986,1,3.8789,272,10,3.931,1.0,0.1,0.10017484,31.79,connected_double_edge_swap
32,34,rreg4,1024,2048,1,4.0,4,9,5.6611,3.0,0.3333,0.13606489,31.79,rreg4_try0
32,35,flat,1024,1984,1,3.875,4,62,21.3333,20.0,0.3226,0.00252477,30.52,
32,35,curved,1024,1988,1,3.8828,325,11,4.0238,1.0,0.0909,0.04545386,30.52,
32,35,shuffled,1024,1988,1,3.8828,325,10,3.8057,1.5,0.15,0.07476993,30.52,connected_double_edge_swap
32,35,rreg4,1024,2048,1,4.0,4,9,5.6613,2.5,0.2778,0.13760365,30.52,rreg4_try0
32,36,flat,1024,1984,1,3.875,4,62,21.3333,18.0,0.2903,0.00252477,29.51,
32,36,curved,1024,1988,1,3.8828,274,11,4.0813,1.0,0.0909,0.04495201,29.51,
32,36,shuffled,1024,1988,1,3.8828,274,10,3.9052,1.5,0.15,0.09288305,29.51,connected_double_edge_swap
32,36,rreg4,1024,2048,1,4.0,4,8,5.647,2.5,0.3125,0.14027751,29.51,rreg4_try0
32,37,flat,1024,1984,1,3.875,4,62,21.3333,19.0,0.3065,0.00252477,32.75,
32,37,curved,1024,1986,1,3.8789,361,10,3.799,1.0,0.1,0.05268372,32.75,
32,37,shuffled,1024,1986,1,3.8789,361,10,3.6806,1.0,0.1,0.08087638,32.75,connected_double_edge_swap
32,37,rreg4,1024,2048,1,4.0,4,9,5.6532,2.5,0.2778,0.13983402,32.75,rreg4_try0
32,38,flat,1024,1984,1,3.875,4,62,21.3333,19.0,0.3065,0.00252477,30.14,
32,38,curved,1024,1988,1,3.8828,268,10,4.0206,1.0,0.1,0.04829333,30.14,
32,38,shuffled,1024,1988,1,3.8828,268,10,3.9068,1.5,0.15,0.08776675,30.14,connected_double_edge_swap
32,38,rreg4,1024,2048,1,4.0,4,9,5.6681,3.0,0.3333,0.13717568,30.14,rreg4_try0
32,39,flat,1024,1984,1,3.875,4,62,21.3333,20.0,0.3226,0.00252477,30.43,
32,39,curved,1024,1988,1,3.8828,306,10,3.7581,1.0,0.1,0.0489236,30.43,
32,39,shuffled,1024,1988,1,3.8828,306,10,3.8042,1.0,0.1,0.09797722,30.43,connected_double_edge_swap
32,39,rreg4,1024,2048,1,4.0,4,9,5.6566,3.0,0.3333,0.13546911,30.43,rreg4_try0
32,40,flat,1024,1984,1,3.875,4,62,21.3333,20.0,0.3226,0.00252477,28.91,
32,40,curved,1024,1985,1,3.877,203,11,4.3084,1.0,0.0909,0.04321748,28.91,
32,40,shuffled,1024,1985,1,3.877,203,11,4.0413,1.5,0.1364,0.06529022,28.91,connected_double_edge_swap
32,40,rreg4,1024,2048,1,4.0,4,9,5.6576,3.0,0.3333,0.13131088,28.91,rreg4_try0
32,41,flat,1024,1984,1,3.875,4,62,21.3333,18.0,0.2903,0.00252477,29.74,
32,41,curved,1024,1987,1,3.8809,368,10,3.7408,0.5,0.05,0.0638305,29.74,
32,41,shuffled,1024,1987,1,3.8809,368,10,3.6204,1.5,0.15,0.10787296,29.74,connected_double_edge_swap
32,41,rreg4,1024,2048,1,4.0,4,9,5.6567,3.0,0.3333,0.14199374,29.74,rreg4_try0
