side,n,seed,family,algo,rounds_eps3,conv_eps3,rounds_eps6,conv_eps6,maxr,alpha,secs,max_deg,edges,cost3_load,cost6_load,note
15,225,34,flat,heat,846,1,1983,1,40000,0.5,0.085,4,420,3384,7932,
15,225,34,flat,pushsum,536,1,1261,1,40000,0.5,0.079,4,420,2144,5044,
15,225,34,flat,gossip,560,1,1322,1,40000,0.5,0.119,4,420,2240,5288,
15,225,34,curved,heat,75,1,179,1,40000,0.5,0.023,91,420,6825,16289,
15,225,34,curved,pushsum,66,1,149,1,40000,0.5,0.012,91,420,6006,13559,
15,225,34,curved,gossip,1238,1,3171,1,40000,0.5,0.224,91,420,112658,288561,
15,225,34,localrand,heat,1261,1,2964,1,40000,0.5,0.306,9,420,11349,26676,
15,225,34,localrand,pushsum,753,1,1842,1,40000,0.5,0.262,9,420,6777,16578,
15,225,34,localrand,gossip,969,1,2388,1,40000,0.5,0.32,9,420,8721,21492,
15,225,39,flat,heat,616,1,1753,1,40000,0.5,0.2,4,420,2464,7012,
15,225,39,flat,pushsum,371,1,1096,1,40000,0.5,0.107,4,420,1484,4384,
15,225,39,flat,gossip,386,1,1148,1,40000,0.5,0.086,4,420,1544,4592,
15,225,39,curved,heat,69,1,162,1,40000,0.5,0.029,88,421,6072,14256,
15,225,39,curved,pushsum,50,1,112,1,40000,0.5,0.015,88,421,4400,9856,
15,225,39,curved,gossip,617,1,1850,1,40000,0.5,0.135,88,421,54296,162800,
15,225,39,localrand,heat,742,1,2824,1,40000,0.5,0.283,9,420,6678,25416,
15,225,39,localrand,pushsum,669,1,2111,1,40000,0.5,0.293,9,420,6021,18999,
15,225,39,localrand,gossip,984,1,3035,1,40000,0.5,0.36,9,420,8856,27315,
15,225,30,flat,heat,689,1,1826,1,40000,0.5,0.104,4,420,2756,7304,
15,225,30,flat,pushsum,407,1,1132,1,40000,0.5,0.028,4,420,1628,4528,
15,225,30,flat,gossip,420,1,1182,1,40000,0.5,0.031,4,420,1680,4728,
15,225,30,curved,heat,89,1,203,1,40000,0.5,0.036,110,421,9790,22330,
15,225,30,curved,pushsum,68,1,149,1,40000,0.5,0.019,110,421,7480,16390,
15,225,30,curved,gossip,1668,1,3992,1,40000,0.5,0.317,110,421,183480,439120,
15,225,30,localrand,heat,784,1,2244,1,40000,0.5,0.221,8,420,6272,17952,
15,225,30,localrand,pushsum,603,1,1563,1,40000,0.5,0.087,8,420,4824,12504,
15,225,30,localrand,gossip,816,1,2124,1,40000,0.5,0.066,8,420,6528,16992,
15,225,33,flat,heat,670,1,1807,1,40000,0.5,0.144,4,420,2680,7228,
15,225,33,flat,pushsum,431,1,1156,1,40000,0.5,0.087,4,420,1724,4624,
15,225,33,flat,gossip,451,1,1212,1,40000,0.5,0.065,4,420,1804,4848,
15,225,33,curved,heat,88,1,216,1,40000,0.5,0.034,54,420,4752,11664,
15,225,33,curved,pushsum,79,1,183,1,40000,0.5,0.025,54,420,4266,9882,
15,225,33,curved,gossip,493,1,1259,1,40000,0.5,0.097,54,420,26622,67986,
15,225,33,localrand,heat,867,1,2628,1,40000,0.5,0.278,9,420,7803,23652,
15,225,33,localrand,pushsum,587,1,1629,1,40000,0.5,0.121,9,420,5283,14661,
15,225,33,localrand,gossip,787,1,2171,1,40000,0.5,0.112,9,420,7083,19539,
15,225,32,flat,heat,656,1,1793,1,40000,0.5,0.109,4,420,2624,7172,
15,225,32,flat,pushsum,440,1,1165,1,40000,0.5,0.091,4,420,1760,4660,
15,225,32,flat,gossip,460,1,1222,1,40000,0.5,0.083,4,420,1840,4888,
15,225,32,curved,heat,80,1,186,1,40000,0.5,0.042,58,420,4640,10788,
15,225,32,curved,pushsum,63,1,143,1,40000,0.5,0.031,58,420,3654,8294,
15,225,32,curved,gossip,661,1,1540,1,40000,0.5,0.145,58,420,38338,89320,
15,225,32,localrand,heat,795,1,2122,1,40000,0.5,0.256,8,420,6360,16976,
15,225,32,localrand,pushsum,555,1,1443,1,40000,0.5,0.09,8,420,4440,11544,
15,225,32,localrand,gossip,761,1,1987,1,40000,0.5,0.149,8,420,6088,15896,
15,225,36,flat,heat,702,1,1839,1,40000,0.5,0.122,4,420,2808,7356,
15,225,36,flat,pushsum,439,1,1164,1,40000,0.5,0.038,4,420,1756,4656,
15,225,36,flat,gossip,458,1,1219,1,40000,0.5,0.04,4,420,1832,4876,
15,225,36,curved,heat,63,1,163,1,40000,0.5,0.023,101,420,6363,16463,
15,225,36,curved,pushsum,59,1,139,1,40000,0.5,0.023,101,420,5959,14039,
15,225,36,curved,gossip,1172,1,3287,1,40000,0.5,0.17,101,420,118372,331987,
15,225,36,localrand,heat,753,1,2247,1,40000,0.5,0.296,9,420,6777,20223,
15,225,36,localrand,pushsum,601,1,1561,1,40000,0.5,0.143,9,420,5409,14049,
15,225,36,localrand,gossip,772,1,2019,1,40000,0.5,0.137,9,420,6948,18171,
15,225,35,flat,heat,744,1,1882,1,40000,0.5,0.347,4,420,2976,7528,
15,225,35,flat,pushsum,482,1,1207,1,40000,0.5,0.147,4,420,1928,4828,
15,225,35,flat,gossip,504,1,1266,1,40000,0.5,0.15,4,420,2016,5064,
15,225,35,curved,heat,67,1,165,1,40000,0.5,0.044,118,421,7906,19470,
15,225,35,curved,pushsum,62,1,144,1,40000,0.5,0.025,118,421,7316,16992,
15,225,35,curved,gossip,1624,1,4113,1,40000,0.5,0.525,118,421,191632,485334,
15,225,35,localrand,heat,1054,1,2787,1,40000,0.5,0.222,9,420,9486,25083,
15,225,35,localrand,pushsum,662,1,1828,1,40000,0.5,0.068,9,420,5958,16452,
15,225,35,localrand,gossip,855,1,2457,1,40000,0.5,0.116,9,420,7695,22113,
15,225,40,flat,heat,701,1,1838,1,40000,0.5,0.182,4,420,2804,7352,
15,225,40,flat,pushsum,453,1,1178,1,40000,0.5,0.075,4,420,1812,4712,
15,225,40,flat,gossip,473,1,1235,1,40000,0.5,0.1,4,420,1892,4940,
15,225,40,curved,heat,159,1,393,1,40000,0.5,0.036,58,421,9222,22794,
15,225,40,curved,pushsum,141,1,327,1,40000,0.5,0.024,58,421,8178,18966,
15,225,40,curved,gossip,599,1,1699,1,40000,0.5,0.076,58,421,34742,98542,
15,225,40,localrand,heat,924,1,2257,1,40000,0.5,0.207,8,420,7392,18056,
15,225,40,localrand,pushsum,514,1,1362,1,40000,0.5,0.083,8,420,4112,10896,
15,225,40,localrand,gossip,695,1,1856,1,40000,0.5,0.104,8,420,5560,14848,
15,225,41,flat,heat,770,1,1907,1,40000,0.5,0.182,4,420,3080,7628,
15,225,41,flat,pushsum,498,1,1223,1,40000,0.5,0.097,4,420,1992,4892,
15,225,41,flat,gossip,521,1,1283,1,40000,0.5,0.121,4,420,2084,5132,
15,225,41,curved,heat,66,1,166,1,40000,0.5,0.006,122,420,8052,20252,
15,225,41,curved,pushsum,61,1,144,1,40000,0.5,0.005,122,420,7442,17568,
15,225,41,curved,gossip,1629,1,4168,1,40000,0.5,0.264,122,420,198738,508496,
15,225,41,localrand,heat,1258,1,3203,1,40000,0.5,0.09,9,420,11322,28827,
15,225,41,localrand,pushsum,746,1,1983,1,40000,0.5,0.033,9,420,6714,17847,
15,225,41,localrand,gossip,1056,1,2810,1,40000,0.5,0.042,9,420,9504,25290,
15,225,38,flat,heat,835,1,1973,1,40000,0.5,0.309,4,420,3340,7892,
15,225,38,flat,pushsum,533,1,1258,1,40000,0.5,0.191,4,420,2132,5032,
15,225,38,flat,gossip,558,1,1319,1,40000,0.5,0.137,4,420,2232,5276,
15,225,38,curved,heat,84,1,200,1,40000,0.5,0.035,84,421,7056,16800,
15,225,38,curved,pushsum,70,1,161,1,40000,0.5,0.01,84,421,5880,13524,
15,225,38,curved,gossip,770,1,2537,1,40000,0.5,0.135,84,421,64680,213108,
15,225,38,localrand,heat,1216,1,2842,1,40000,0.5,0.23,8,420,9728,22736,
15,225,38,localrand,pushsum,782,1,1812,1,40000,0.5,0.131,8,420,6256,14496,
15,225,38,localrand,gossip,1034,1,2402,1,40000,0.5,0.075,8,420,8272,19216,
15,225,37,flat,heat,730,1,1868,1,40000,0.5,0.238,4,420,2920,7472,
15,225,37,flat,pushsum,469,1,1194,1,40000,0.5,0.096,4,420,1876,4776,
15,225,37,flat,gossip,490,1,1252,1,40000,0.5,0.059,4,420,1960,5008,
15,225,37,curved,heat,76,1,183,1,40000,0.5,0.029,115,420,8740,21045,
15,225,37,curved,pushsum,60,1,142,1,40000,0.5,0.016,115,420,6900,16330,
15,225,37,curved,gossip,1601,1,4013,1,40000,0.5,0.183,115,420,184115,461495,
15,225,37,localrand,heat,914,1,2448,1,40000,0.5,0.123,9,420,8226,22032,
15,225,37,localrand,pushsum,556,1,1498,1,40000,0.5,0.03,9,420,5004,13482,
15,225,37,localrand,gossip,810,1,2165,1,40000,0.5,0.034,9,420,7290,19485,
15,225,31,flat,heat,573,1,1710,1,40000,0.5,0.18,4,420,2292,6840,
15,225,31,flat,pushsum,407,1,1132,1,40000,0.5,0.026,4,420,1628,4528,
15,225,31,flat,gossip,424,1,1186,1,40000,0.5,0.019,4,420,1696,4744,
15,225,31,curved,heat,87,1,228,1,40000,0.5,0.024,91,420,7917,20748,
15,225,31,curved,pushsum,68,1,181,1,40000,0.5,0.013,91,420,6188,16471,
15,225,31,curved,gossip,1000,1,2881,1,40000,0.5,0.148,91,420,91000,262171,
15,225,31,localrand,heat,1009,1,2647,1,40000,0.5,0.084,8,420,8072,21176,
15,225,31,localrand,pushsum,605,1,1656,1,40000,0.5,0.029,8,420,4840,13248,
15,225,31,localrand,gossip,783,1,2206,1,40000,0.5,0.032,8,420,6264,17648,
22,484,30,flat,heat,1530,1,4059,1,40000,0.5,0.987,4,924,6120,16236,
22,484,30,flat,pushsum,969,1,2571,1,40000,0.5,0.603,4,924,3876,10284,
22,484,30,flat,gossip,998,1,2654,1,40000,0.5,0.651,4,924,3992,10616,
22,484,30,curved,heat,103,1,254,1,40000,0.5,0.093,127,924,13081,32258,
22,484,30,curved,pushsum,71,1,170,1,40000,0.5,0.061,127,924,9017,21590,
22,484,30,curved,gossip,1807,1,4508,1,40000,0.5,0.989,127,924,229489,572516,
22,484,30,localrand,heat,1697,1,5047,1,40000,0.5,1.322,8,924,13576,40376,
22,484,30,localrand,pushsum,1242,1,3412,1,40000,0.5,0.863,8,924,9936,27296,
22,484,30,localrand,gossip,1585,1,4402,1,40000,0.5,0.775,8,924,12680,35216,
22,484,34,flat,heat,1258,1,3787,1,40000,0.5,1.245,4,924,5032,15148,
22,484,34,flat,pushsum,845,1,2446,1,40000,0.5,0.826,4,924,3380,9784,
22,484,34,flat,gossip,870,1,2526,1,40000,0.5,0.507,4,924,3480,10104,
22,484,34,curved,heat,105,1,286,1,40000,0.5,0.108,171,926,17955,48906,
22,484,34,curved,pushsum,55,1,174,1,40000,0.5,0.071,171,926,9405,29754,
22,484,34,curved,gossip,2150,1,5691,1,40000,0.5,1.263,171,926,367650,973161,
22,484,34,localrand,heat,2022,1,5713,1,40000,0.5,1.091,9,925,18198,51417,
22,484,34,localrand,pushsum,1393,1,3733,1,40000,0.5,0.826,9,925,12537,33597,
22,484,34,localrand,gossip,1757,1,4697,1,40000,0.5,0.821,9,925,15813,42273,
22,484,39,flat,heat,1089,1,3613,1,40000,0.5,0.869,4,924,4356,14452,
22,484,39,flat,pushsum,668,1,2264,1,40000,0.5,0.574,4,924,2672,9056,
22,484,39,flat,gossip,683,1,2333,1,40000,0.5,0.527,4,924,2732,9332,
22,484,39,curved,heat,111,1,301,1,40000,0.5,0.056,104,926,11544,31304,
22,484,39,curved,pushsum,97,1,246,1,40000,0.5,0.055,104,926,10088,25584,
22,484,39,curved,gossip,863,1,2982,1,40000,0.5,0.498,104,926,89752,310128,
22,484,39,localrand,heat,1814,1,4908,1,40000,0.5,0.951,9,924,16326,44172,
22,484,39,localrand,pushsum,847,1,2796,1,40000,0.5,0.646,9,924,7623,25164,
22,484,39,localrand,gossip,1148,1,3801,1,40000,0.5,0.611,9,924,10332,34209,
22,484,35,flat,heat,1362,1,3891,1,40000,0.5,0.871,4,924,5448,15564,
22,484,35,flat,pushsum,897,1,2499,1,40000,0.5,0.487,4,924,3588,9996,
22,484,35,flat,gossip,925,1,2581,1,40000,0.5,0.392,4,924,3700,10324,
22,484,35,curved,heat,182,1,442,1,40000,0.5,0.083,87,924,15834,38454,
22,484,35,curved,pushsum,127,1,305,1,40000,0.5,0.069,87,924,11049,26535,
22,484,35,curved,gossip,1351,1,3791,1,40000,0.5,0.782,87,924,117537,329817,
22,484,35,localrand,heat,1580,1,4827,1,40000,0.5,0.873,8,926,12640,38616,
22,484,35,localrand,pushsum,1152,1,3219,1,40000,0.5,0.506,8,926,9216,25752,
22,484,35,localrand,gossip,1571,1,4357,1,40000,0.5,0.545,8,926,12568,34856,
22,484,36,flat,heat,1525,1,4053,1,40000,0.5,0.949,4,924,6100,16212,
22,484,36,flat,pushsum,954,1,2556,1,40000,0.5,0.573,4,924,3816,10224,
22,484,36,flat,gossip,983,1,2639,1,40000,0.5,0.409,4,924,3932,10556,
22,484,36,curved,heat,98,1,254,1,40000,0.5,0.06,92,926,9016,23368,
22,484,36,curved,pushsum,89,1,224,1,40000,0.5,0.054,92,926,8188,20608,
22,484,36,curved,gossip,1676,1,4278,1,40000,0.5,0.676,92,926,154192,393576,
22,484,36,localrand,heat,1929,1,5115,1,40000,0.5,0.736,10,924,19290,51150,
22,484,36,localrand,pushsum,1209,1,3227,1,40000,0.5,0.424,10,924,12090,32270,
22,484,36,localrand,gossip,1531,1,4129,1,40000,0.5,0.316,10,924,15310,41290,
22,484,32,flat,heat,1636,1,4164,1,40000,0.5,0.844,4,924,6544,16656,
22,484,32,flat,pushsum,1029,1,2630,1,40000,0.5,0.4,4,924,4116,10520,
22,484,32,flat,gossip,1058,1,2714,1,40000,0.5,0.335,4,924,4232,10856,
22,484,32,curved,heat,85,1,202,1,40000,0.5,0.06,224,924,19040,45248,
22,484,32,curved,pushsum,69,1,152,1,40000,0.5,0.032,224,924,15456,34048,
22,484,32,curved,gossip,3580,1,8467,1,40000,0.5,1.475,224,924,801920,1896608,
22,484,32,localrand,heat,2029,1,5334,1,40000,0.5,0.664,9,924,18261,48006,
22,484,32,localrand,pushsum,1279,1,3388,1,40000,0.5,0.25,9,924,11511,30492,
22,484,32,localrand,gossip,1712,1,4551,1,40000,0.5,0.15,9,924,15408,40959,
22,484,31,flat,heat,1054,1,3582,1,40000,0.5,0.75,4,924,4216,14328,
22,484,31,flat,pushsum,623,1,2221,1,40000,0.5,0.36,4,924,2492,8884,
22,484,31,flat,gossip,644,1,2297,1,40000,0.5,0.563,4,924,2576,9188,
22,484,31,curved,heat,94,1,268,1,40000,0.5,0.055,134,924,12596,35912,
22,484,31,curved,pushsum,99,1,244,1,40000,0.5,0.036,134,924,13266,32696,
22,484,31,curved,gossip,2029,1,5480,1,40000,0.5,1.213,134,924,271886,734320,
22,484,31,localrand,heat,1268,1,4286,1,40000,0.5,0.149,9,925,11412,38574,
22,484,31,localrand,pushsum,609,1,2216,1,40000,0.5,0.047,9,925,5481,19944,
22,484,31,localrand,gossip,831,1,2946,1,40000,0.5,0.053,9,925,7479,26514,
22,484,41,flat,heat,1734,1,4263,1,40000,0.5,0.691,4,924,6936,17052,
22,484,41,flat,pushsum,1107,1,2709,1,40000,0.5,0.299,4,924,4428,10836,
22,484,41,flat,gossip,1142,1,2798,1,40000,0.5,0.2,4,924,4568,11192,
22,484,41,curved,heat,102,1,269,1,40000,0.5,0.103,207,925,21114,55683,
22,484,41,curved,pushsum,79,1,219,1,40000,0.5,0.067,207,925,16353,45333,
22,484,41,curved,gossip,3522,1,9063,1,40000,0.5,1.178,207,925,729054,1876041,
22,484,41,localrand,heat,1884,1,4966,1,40000,0.5,0.337,9,925,16956,44694,
22,484,41,localrand,pushsum,1203,1,3026,1,40000,0.5,0.174,9,925,10827,27234,
22,484,41,localrand,gossip,1668,1,4289,1,40000,0.5,0.214,9,925,15012,38601,
22,484,38,flat,heat,1153,1,3681,1,40000,0.5,0.696,4,924,4612,14724,
22,484,38,flat,pushsum,753,1,2355,1,40000,0.5,0.362,4,924,3012,9420,
22,484,38,flat,gossip,777,1,2433,1,40000,0.5,0.349,4,924,3108,9732,
22,484,38,curved,heat,126,1,311,1,40000,0.5,0.059,95,925,11970,29545,
22,484,38,curved,pushsum,101,1,223,1,40000,0.5,0.045,95,925,9595,21185,
22,484,38,curved,gossip,933,1,2262,1,40000,0.5,0.359,95,925,88635,214890,
22,484,38,localrand,heat,1332,1,4102,1,40000,0.5,0.542,9,925,11988,36918,
22,484,38,localrand,pushsum,1012,1,3095,1,40000,0.5,0.32,9,925,9108,27855,
22,484,38,localrand,gossip,1385,1,4226,1,40000,0.5,0.274,9,925,12465,38034,
22,484,33,flat,heat,1606,1,4135,1,40000,0.5,0.815,4,924,6424,16540,
22,484,33,flat,pushsum,1049,1,2650,1,40000,0.5,0.441,4,924,4196,10600,
22,484,33,flat,gossip,1081,1,2737,1,40000,0.5,0.325,4,924,4324,10948,
22,484,33,curved,heat,109,1,280,1,40000,0.5,0.062,117,926,12753,32760,
22,484,33,curved,pushsum,86,1,208,1,40000,0.5,0.06,117,926,10062,24336,
22,484,33,curved,gossip,1263,1,3317,1,40000,0.5,0.596,117,926,147771,388089,
22,484,33,localrand,heat,2842,1,8099,1,40000,0.5,0.821,10,924,28420,80990,
22,484,33,localrand,pushsum,1834,1,5145,1,40000,0.5,0.446,10,924,18340,51450,
22,484,33,localrand,gossip,2406,1,6756,1,40000,0.5,0.383,10,924,24060,67560,
22,484,40,flat,heat,1436,1,3965,1,40000,0.5,1.009,4,924,5744,15860,
22,484,40,flat,pushsum,931,1,2532,1,40000,0.5,0.671,4,924,3724,10128,
22,484,40,flat,gossip,958,1,2614,1,40000,0.5,0.539,4,924,3832,10456,
22,484,40,curved,heat,171,1,424,1,40000,0.5,0.092,82,924,14022,34768,
22,484,40,curved,pushsum,135,1,328,1,40000,0.5,0.09,82,924,11070,26896,
22,484,40,curved,gossip,1553,1,4079,1,40000,0.5,0.764,82,924,127346,334478,
22,484,40,localrand,heat,1603,1,4470,1,40000,0.5,0.093,10,924,16030,44700,
22,484,40,localrand,pushsum,982,1,2716,1,40000,0.5,0.055,10,924,9820,27160,
22,484,40,localrand,gossip,1359,1,3772,1,40000,0.5,0.06,10,924,13590,37720,
22,484,37,flat,heat,1312,1,3841,1,40000,0.5,0.886,4,924,5248,15364,
22,484,37,flat,pushsum,846,1,2448,1,40000,0.5,0.565,4,924,3384,9792,
22,484,37,flat,gossip,870,1,2526,1,40000,0.5,0.426,4,924,3480,10104,
22,484,37,curved,heat,104,1,251,1,40000,0.5,0.064,207,924,21528,51957,
22,484,37,curved,pushsum,89,1,212,1,40000,0.5,0.075,207,924,18423,43884,
22,484,37,curved,gossip,3234,1,7566,1,40000,0.5,1.449,207,924,669438,1566162,
22,484,37,localrand,heat,1559,1,4578,1,40000,0.5,0.173,12,924,18708,54936,
22,484,37,localrand,pushsum,1068,1,2988,1,40000,0.5,0.061,12,924,12816,35856,
22,484,37,localrand,gossip,1401,1,3956,1,40000,0.5,0.061,12,924,16812,47472,
32,1024,39,flat,heat,3092,1,8561,1,40000,0.5,0.327,4,1984,12368,34244,
32,1024,39,flat,pushsum,1944,1,5394,1,40000,0.5,0.21,4,1984,7776,21576,
32,1024,39,flat,gossip,1983,1,5511,1,40000,0.5,0.223,4,1984,7932,22044,
32,1024,39,curved,heat,124,1,396,1,40000,0.5,0.153,306,1988,37944,121176,
32,1024,39,curved,pushsum,104,1,316,1,40000,0.5,0.132,306,1988,31824,96696,
32,1024,39,curved,gossip,5261,1,15159,1,40000,0.5,3.631,306,1988,1609866,4638654,
32,1024,39,localrand,heat,3387,1,10283,1,40000,0.5,3.063,10,1985,33870,102830,
32,1024,39,localrand,pushsum,2221,1,6590,1,40000,0.5,1.909,10,1985,22210,65900,
32,1024,39,localrand,gossip,2913,1,8561,1,40000,0.5,1.824,10,1985,29130,85610,
32,1024,34,flat,heat,2891,1,8359,1,40000,0.5,1.125,4,1984,11564,33436,
32,1024,34,flat,pushsum,1839,1,5289,1,40000,0.5,0.916,4,1984,7356,21156,
32,1024,34,flat,gossip,1875,1,5403,1,40000,0.5,0.708,4,1984,7500,21612,
32,1024,34,curved,heat,166,1,458,1,40000,0.5,0.165,272,1986,45152,124576,
32,1024,34,curved,pushsum,125,1,326,1,40000,0.5,0.119,272,1986,34000,88672,
32,1024,34,curved,gossip,5561,1,14622,1,40000,0.5,3.331,272,1986,1512592,3977184,
32,1024,34,localrand,heat,3988,1,11565,1,40000,0.5,2.678,10,1984,39880,115650,
32,1024,34,localrand,pushsum,2232,1,6893,1,40000,0.5,1.812,10,1984,22320,68930,
32,1024,34,localrand,gossip,2958,1,9036,1,40000,0.5,1.78,10,1984,29580,90360,
32,1024,36,flat,heat,2926,1,8394,1,40000,0.5,1.903,4,1984,11704,33576,
32,1024,36,flat,pushsum,1870,1,5319,1,40000,0.5,1.303,4,1984,7480,21276,
32,1024,36,flat,gossip,1907,1,5435,1,40000,0.5,0.893,4,1984,7628,21740,
32,1024,36,curved,heat,161,1,449,1,40000,0.5,0.184,274,1988,44114,123026,
32,1024,36,curved,pushsum,118,1,297,1,40000,0.5,0.083,274,1988,32332,81378,
32,1024,36,curved,gossip,4968,1,12555,1,40000,0.5,2.835,274,1988,1361232,3440070,
32,1024,36,localrand,heat,3155,1,10296,1,40000,0.5,1.91,10,1986,31550,102960,
32,1024,36,localrand,pushsum,1929,1,6317,1,40000,0.5,1.075,10,1986,19290,63170,
32,1024,36,localrand,gossip,2663,1,8521,1,40000,0.5,1.019,10,1986,26630,85210,
32,1024,33,flat,heat,2953,1,8422,1,40000,0.5,2.049,4,1984,11812,33688,
32,1024,33,flat,pushsum,1934,1,5384,1,40000,0.5,1.727,4,1984,7736,21536,
32,1024,33,flat,gossip,1972,1,5500,1,40000,0.5,1.69,4,1984,7888,22000,
32,1024,33,curved,heat,114,1,290,1,40000,0.5,0.098,333,1986,37962,96570,
32,1024,33,curved,pushsum,98,1,241,1,40000,0.5,0.076,333,1986,32634,80253,
32,1024,33,curved,gossip,5550,1,14655,1,40000,0.5,4.462,333,1986,1848150,4880115,
32,1024,33,localrand,heat,3607,1,9640,1,40000,0.5,2.151,10,1984,36070,96400,
32,1024,33,localrand,pushsum,2194,1,6007,1,40000,0.5,1.272,10,1984,21940,60070,
32,1024,33,localrand,gossip,2884,1,7971,1,40000,0.5,1.174,10,1984,28840,79710,
32,1024,32,flat,heat,2780,1,8249,1,40000,0.5,2.681,4,1984,11120,32996,
32,1024,32,flat,pushsum,1787,1,5236,1,40000,0.5,1.858,4,1984,7148,20944,
32,1024,32,flat,gossip,1824,1,5352,1,40000,0.5,1.419,4,1984,7296,21408,
32,1024,32,curved,heat,122,1,321,1,40000,0.5,0.092,219,1987,26718,70299,
32,1024,32,curved,pushsum,93,1,229,1,40000,0.5,0.09,219,1987,20367,50151,
32,1024,32,curved,gossip,3631,1,9674,1,40000,0.5,2.564,219,1987,795189,2118606,
32,1024,32,localrand,heat,3209,1,9248,1,40000,0.5,2.031,11,1984,35299,101728,
32,1024,32,localrand,pushsum,1982,1,5882,1,40000,0.5,1.179,11,1984,21802,64702,
32,1024,32,localrand,gossip,2622,1,7822,1,40000,0.5,1.236,11,1984,28842,86042,
32,1024,30,flat,heat,2718,1,8186,1,40000,0.5,2.02,4,1984,10872,32744,
32,1024,30,flat,pushsum,1693,1,5142,1,40000,0.5,1.275,4,1984,6772,20568,
32,1024,30,flat,gossip,1725,1,5253,1,40000,0.5,1.025,4,1984,6900,21012,
32,1024,30,curved,heat,173,1,496,1,40000,0.5,0.153,144,1988,24912,71424,
32,1024,30,curved,pushsum,130,1,329,1,40000,0.5,0.116,144,1988,18720,47376,
32,1024,30,curved,gossip,2680,1,7724,1,40000,0.5,1.836,144,1988,385920,1112256,
32,1024,30,localrand,heat,3830,1,10818,1,40000,0.5,2.082,10,1984,38300,108180,
32,1024,30,localrand,pushsum,1953,1,6178,1,40000,0.5,1.35,10,1984,19530,61780,
32,1024,30,localrand,gossip,2639,1,8117,1,40000,0.5,1.188,10,1984,26390,81170,
32,1024,35,flat,heat,2368,1,7835,1,40000,0.5,2.336,4,1984,9472,31340,
32,1024,35,flat,pushsum,1496,1,4945,1,40000,0.5,1.473,4,1984,5984,19780,
32,1024,35,flat,gossip,1522,1,5049,1,40000,0.5,1.343,4,1984,6088,20196,
32,1024,35,curved,heat,128,1,379,1,40000,0.5,0.074,325,1988,41600,123175,
32,1024,35,curved,pushsum,119,1,334,1,40000,0.5,0.074,325,1988,38675,108550,
32,1024,35,curved,gossip,5720,1,15292,1,40000,0.5,3.135,325,1988,1859000,4969900,
32,1024,35,localrand,heat,3502,1,10138,1,40000,0.5,1.994,10,1985,35020,101380,
32,1024,35,localrand,pushsum,1916,1,6149,1,40000,0.5,0.672,10,1985,19160,61490,
32,1024,35,localrand,gossip,2438,1,7832,1,40000,0.5,0.847,10,1985,24380,78320,
32,1024,41,flat,heat,2376,1,7844,1,40000,0.5,2.409,4,1984,9504,31376,
32,1024,41,flat,pushsum,1394,1,4842,1,40000,0.5,1.829,4,1984,5576,19368,
32,1024,41,flat,gossip,1420,1,4947,1,40000,0.5,1.2,4,1984,5680,19788,
32,1024,41,curved,heat,133,1,337,1,40000,0.5,0.145,368,1987,48944,124016,
32,1024,41,curved,pushsum,110,1,253,1,40000,0.5,0.081,368,1987,40480,93104,
32,1024,41,curved,gossip,7350,1,18721,1,40000,0.5,3.805,368,1987,2704800,6889328,
32,1024,41,localrand,heat,1915,1,8942,1,40000,0.5,1.172,11,1987,21065,98362,
32,1024,41,localrand,pushsum,1653,1,5876,1,40000,0.5,0.525,11,1987,18183,64636,
32,1024,41,localrand,gossip,2225,1,7687,1,40000,0.5,0.489,11,1987,24475,84557,
32,1024,31,flat,heat,3492,1,8960,1,40000,0.5,2.734,4,1984,13968,35840,
32,1024,31,flat,pushsum,2181,1,5630,1,40000,0.5,2.049,4,1984,8724,22520,
32,1024,31,flat,gossip,2224,1,5752,1,40000,0.5,1.523,4,1984,8896,23008,
32,1024,31,curved,heat,218,1,608,1,40000,0.5,0.147,162,1987,35316,98496,
32,1024,31,curved,pushsum,133,1,376,1,40000,0.5,0.118,162,1987,21546,60912,
32,1024,31,curved,gossip,2417,1,7996,1,40000,0.5,1.907,162,1987,391554,1295352,
32,1024,31,localrand,heat,3565,1,10167,1,40000,0.5,0.938,11,1986,39215,111837,
32,1024,31,localrand,pushsum,2403,1,6422,1,40000,0.5,0.452,11,1986,26433,70642,
32,1024,31,localrand,gossip,3211,1,8504,1,40000,0.5,0.487,11,1986,35321,93544,
32,1024,37,flat,heat,3470,1,8939,1,40000,0.5,2.773,4,1984,13880,35756,
32,1024,37,flat,pushsum,2187,1,5636,1,40000,0.5,1.599,4,1984,8748,22544,
32,1024,37,flat,gossip,2229,1,5757,1,40000,0.5,1.149,4,1984,8916,23028,
32,1024,37,curved,heat,147,1,400,1,40000,0.5,0.01,361,1986,53067,144400,
32,1024,37,curved,pushsum,114,1,277,1,40000,0.5,0.008,361,1986,41154,99997,
32,1024,37,curved,gossip,7388,1,17444,1,40000,0.5,1.127,361,1986,2667068,6297284,
32,1024,37,localrand,heat,3545,1,9788,1,40000,0.5,0.716,10,1985,35450,97880,
32,1024,37,localrand,pushsum,2454,1,6439,1,40000,0.5,0.187,10,1985,24540,64390,
32,1024,37,localrand,gossip,3216,1,8409,1,40000,0.5,0.173,10,1985,32160,84090,
32,1024,38,flat,heat,2771,1,8239,1,40000,0.5,2.394,4,1984,11084,32956,
32,1024,38,flat,pushsum,1751,1,5201,1,40000,0.5,1.464,4,1984,7004,20804,
32,1024,38,flat,gossip,1787,1,5315,1,40000,0.5,1.106,4,1984,7148,21260,
32,1024,38,curved,heat,175,1,451,1,40000,0.5,0.12,268,1988,46900,120868,
32,1024,38,curved,pushsum,124,1,299,1,40000,0.5,0.064,268,1988,33232,80132,
32,1024,38,curved,gossip,4845,1,12557,1,40000,0.5,2.101,268,1988,1298460,3365276,
32,1024,38,localrand,heat,3212,1,9829,1,40000,0.5,0.295,10,1985,32120,98290,
32,1024,38,localrand,pushsum,2073,1,6039,1,40000,0.5,0.161,10,1985,20730,60390,
32,1024,38,localrand,gossip,2665,1,7787,1,40000,0.5,0.166,10,1985,26650,77870,
32,1024,40,flat,heat,2817,1,8286,1,40000,0.5,2.524,4,1984,11268,33144,
32,1024,40,flat,pushsum,1684,1,5134,1,40000,0.5,1.497,4,1984,6736,20536,
32,1024,40,flat,gossip,1716,1,5244,1,40000,0.5,1.052,4,1984,6864,20976,
32,1024,40,curved,heat,188,1,502,1,40000,0.5,0.111,203,1985,38164,101906,
32,1024,40,curved,pushsum,122,1,317,1,40000,0.5,0.065,203,1985,24766,64351,
32,1024,40,curved,gossip,2746,1,7210,1,40000,0.5,1.196,203,1985,557438,1463630,
32,1024,40,localrand,heat,3540,1,9972,1,40000,0.5,0.4,10,1985,35400,99720,
32,1024,40,localrand,pushsum,1980,1,6144,1,40000,0.5,0.166,10,1985,19800,61440,
32,1024,40,localrand,gossip,2558,1,8007,1,40000,0.5,0.156,10,1985,25580,80070,
64,4096,31,flat,heat,10456,1,32857,1,200000,0.5,3.592,4,8064,41824,131428,
64,4096,31,flat,pushsum,6540,1,20605,1,200000,0.5,2.7,4,8064,26160,82420,
64,4096,31,flat,gossip,6595,1,20817,1,200000,0.5,1.038,4,8064,26380,83268,
64,4096,31,curved,heat,192,1,588,1,200000,0.5,0.072,505,8082,96960,296940,
64,4096,31,curved,pushsum,130,1,374,1,200000,0.5,0.078,505,8082,65650,188870,
64,4096,31,curved,gossip,9398,1,24858,1,200000,0.5,3.338,505,8082,4745990,12553290,
64,4096,31,shuffled,heat,137,1,403,1,200000,0.5,0.071,505,8082,69185,203515,connected_double_edge_swap
64,4096,31,shuffled,pushsum,129,1,340,1,200000,0.5,0.085,505,8082,65145,171700,connected_double_edge_swap
64,4096,31,shuffled,gossip,3527,1,10529,1,200000,0.5,1.457,505,8082,1781135,5317145,connected_double_edge_swap
64,4096,31,rreg4,heat,62,1,153,1,200000,0.5,0.009,4,8192,248,612,rreg4_try0
64,4096,31,rreg4,pushsum,38,1,94,1,200000,0.5,0.007,4,8192,152,376,rreg4_try0
64,4096,31,rreg4,gossip,38,1,94,1,200000,0.5,0.006,4,8192,152,376,rreg4_try0
64,4096,31,localrand,heat,10071,1,33873,1,200000,0.5,2.708,14,8069,140994,474222,
64,4096,31,localrand,pushsum,6947,1,21909,1,200000,0.5,2.413,14,8069,97258,306726,
64,4096,31,localrand,gossip,9220,1,29105,1,200000,0.5,2.199,14,8069,129080,407470,
64,4096,33,flat,heat,11279,1,33680,1,200000,0.5,2.345,4,8064,45116,134720,
64,4096,33,flat,pushsum,7120,1,21186,1,200000,0.5,1.6,4,8064,28480,84744,
64,4096,33,flat,gossip,7188,1,21411,1,200000,0.5,1.385,4,8064,28752,85644,
64,4096,33,curved,heat,172,1,471,1,200000,0.5,0.03,720,8079,123840,339120,
64,4096,33,curved,pushsum,133,1,345,1,200000,0.5,0.033,720,8079,95760,248400,
64,4096,33,curved,gossip,14037,1,36668,1,200000,0.5,3.494,720,8079,10106640,26400960,
64,4096,33,shuffled,heat,111,1,312,1,200000,0.5,0.019,720,8079,79920,224640,connected_double_edge_swap
64,4096,33,shuffled,pushsum,97,1,264,1,200000,0.5,0.024,720,8079,69840,190080,connected_double_edge_swap
64,4096,33,shuffled,gossip,7705,1,22835,1,200000,0.5,2.06,720,8079,5547600,16441200,connected_double_edge_swap
64,4096,33,rreg4,heat,60,1,149,1,200000,0.5,0.008,4,8192,240,596,rreg4_try0
64,4096,33,rreg4,pushsum,37,1,91,1,200000,0.5,0.007,4,8192,148,364,rreg4_try0
64,4096,33,rreg4,gossip,37,1,91,1,200000,0.5,0.006,4,8192,148,364,rreg4_try0
64,4096,33,localrand,heat,12448,1,36283,1,200000,0.5,5.321,12,8065,149376,435396,
64,4096,33,localrand,pushsum,7432,1,22439,1,200000,0.5,3.716,12,8065,89184,269268,
64,4096,33,localrand,gossip,9859,1,29762,1,200000,0.5,1.892,12,8065,118308,357144,
64,4096,38,flat,heat,8321,1,30721,1,200000,0.5,1.828,4,8064,33284,122884,
64,4096,38,flat,pushsum,5401,1,19466,1,200000,0.5,2.085,4,8064,21604,77864,
64,4096,38,flat,gossip,5454,1,19676,1,200000,0.5,1.29,4,8064,21816,78704,
64,4096,38,curved,heat,210,1,622,1,200000,0.5,0.08,481,8076,101010,299182,
64,4096,38,curved,pushsum,136,1,368,1,200000,0.5,0.078,481,8076,65416,177008,
64,4096,38,curved,gossip,7205,1,20363,1,200000,0.5,2.589,481,8076,3465605,9794603,
64,4096,38,shuffled,heat,113,1,356,1,200000,0.5,0.023,481,8076,54353,171236,connected_double_edge_swap
64,4096,38,shuffled,pushsum,95,1,288,1,200000,0.5,0.031,481,8076,45695,138528,connected_double_edge_swap
64,4096,38,shuffled,gossip,3178,1,9875,1,200000,0.5,0.7,481,8076,1528618,4749875,connected_double_edge_swap
64,4096,38,rreg4,heat,61,1,151,1,200000,0.5,0.029,4,8192,244,604,rreg4_try0
64,4096,38,rreg4,pushsum,37,1,92,1,200000,0.5,0.022,4,8192,148,368,rreg4_try0
64,4096,38,rreg4,gossip,37,1,92,1,200000,0.5,0.023,4,8192,148,368,rreg4_try0
64,4096,38,localrand,heat,9961,1,35968,1,200000,0.5,5.306,12,8067,119532,431616,
64,4096,38,localrand,pushsum,6137,1,22352,1,200000,0.5,4.635,12,8067,73644,268224,
64,4096,38,localrand,gossip,8002,1,29191,1,200000,0.5,1.704,12,8067,96024,350292,
64,4096,39,flat,heat,7057,1,29456,1,200000,0.5,2.067,4,8064,28228,117824,
64,4096,39,flat,pushsum,4636,1,18701,1,200000,0.5,1.508,4,8064,18544,74804,
64,4096,39,flat,gossip,4676,1,18899,1,200000,0.5,0.83,4,8064,18704,75596,
64,4096,39,curved,heat,185,1,560,1,200000,0.5,0.095,400,8082,74000,224000,
64,4096,39,curved,pushsum,144,1,417,1,200000,0.5,0.107,400,8082,57600,166800,
64,4096,39,curved,gossip,7110,1,19881,1,200000,0.5,2.702,400,8082,2844000,7952400,
64,4096,39,shuffled,heat,169,1,648,1,200000,0.5,0.09,400,8082,67600,259200,connected_double_edge_swap
64,4096,39,shuffled,pushsum,153,1,532,1,200000,0.5,0.126,400,8082,61200,212800,connected_double_edge_swap
64,4096,39,shuffled,gossip,2888,1,11860,1,200000,0.5,0.873,400,8082,1155200,4744000,connected_double_edge_swap
64,4096,39,rreg4,heat,63,1,153,1,200000,0.5,0.022,4,8192,252,612,rreg4_try0
64,4096,39,rreg4,pushsum,38,1,94,1,200000,0.5,0.018,4,8192,152,376,rreg4_try0
64,4096,39,rreg4,gossip,38,1,94,1,200000,0.5,0.012,4,8192,152,376,rreg4_try0
64,4096,39,localrand,heat,10533,1,35290,1,200000,0.5,5.111,11,8065,115863,388190,
64,4096,39,localrand,pushsum,5458,1,21476,1,200000,0.5,2.769,11,8065,60038,236236,
64,4096,39,localrand,gossip,7109,1,27922,1,200000,0.5,2.065,11,8065,78199,307142,
64,4096,41,flat,heat,11563,1,33963,1,200000,0.5,1.812,4,8064,46252,135852,
64,4096,41,flat,pushsum,7240,1,21306,1,200000,0.5,1.719,4,8064,28960,85224,
64,4096,41,flat,gossip,7307,1,21530,1,200000,0.5,1.098,4,8064,29228,86120,
64,4096,41,curved,heat,200,1,543,1,200000,0.5,0.07,985,8079,197000,534855,
64,4096,41,curved,pushsum,142,1,365,1,200000,0.5,0.074,985,8079,139870,359525,
64,4096,41,curved,gossip,19551,1,51098,1,200000,0.5,4.239,985,8079,19257735,50331530,
64,4096,41,shuffled,heat,101,1,543,1,200000,0.5,0.095,985,8079,99485,534855,connected_double_edge_swap
64,4096,41,shuffled,pushsum,100,1,456,1,200000,0.5,0.061,985,8079,98500,449160,connected_double_edge_swap
64,4096,41,shuffled,gossip,9870,1,30050,1,200000,0.5,2.065,985,8079,9721950,29599250,connected_double_edge_swap
64,4096,41,rreg4,heat,62,1,154,1,200000,0.5,0.011,4,8192,248,616,rreg4_try0
64,4096,41,rreg4,pushsum,38,1,94,1,200000,0.5,0.007,4,8192,152,376,rreg4_try0
64,4096,41,rreg4,gossip,38,1,94,1,200000,0.5,0.005,4,8192,152,376,rreg4_try0
64,4096,41,localrand,heat,9757,1,34198,1,200000,0.5,2.155,11,8068,107327,376178,
64,4096,41,localrand,pushsum,7817,1,23057,1,200000,0.5,2.205,11,8068,85987,253627,
64,4096,41,localrand,gossip,10268,1,30253,1,200000,0.5,1.859,11,8068,112948,332783,
64,4096,40,flat,heat,9977,1,32377,1,200000,0.5,1.985,4,8064,39908,129508,
64,4096,40,flat,pushsum,6192,1,20258,1,200000,0.5,1.392,4,8064,24768,81032,
64,4096,40,flat,gossip,6246,1,20469,1,200000,0.5,1.015,4,8064,24984,81876,
64,4096,40,curved,heat,222,1,694,1,200000,0.5,0.041,753,8074,167166,522582,
64,4096,40,curved,pushsum,150,1,431,1,200000,0.5,0.038,753,8074,112950,324543,
64,4096,40,curved,gossip,15219,1,40681,1,200000,0.5,2.144,753,8074,11459907,30632793,
64,4096,40,shuffled,heat,115,1,329,1,200000,0.5,0.02,753,8074,86595,247737,connected_double_edge_swap
64,4096,40,shuffled,pushsum,94,1,260,1,200000,0.5,0.024,753,8074,70782,195780,connected_double_edge_swap
64,4096,40,shuffled,gossip,5221,1,15653,1,200000,0.5,0.86,753,8074,3931413,11786709,connected_double_edge_swap
64,4096,40,rreg4,heat,61,1,149,1,200000,0.5,0.011,4,8192,244,596,rreg4_try0
64,4096,40,rreg4,pushsum,37,1,91,1,200000,0.5,0.01,4,8192,148,364,rreg4_try0
64,4096,40,rreg4,gossip,37,1,91,1,200000,0.5,0.007,4,8192,148,364,rreg4_try0
64,4096,40,localrand,heat,10724,1,36826,1,200000,0.5,2.343,11,8068,117964,405086,
64,4096,40,localrand,pushsum,6871,1,23241,1,200000,0.5,2.164,11,8068,75581,255651,
64,4096,40,localrand,gossip,9120,1,30620,1,200000,0.5,1.626,11,8068,100320,336820,
64,4096,30,flat,heat,8993,1,31393,1,200000,0.5,1.448,4,8064,35972,125572,
64,4096,30,flat,pushsum,5668,1,19733,1,200000,0.5,1.231,4,8064,22672,78932,
64,4096,30,flat,gossip,5719,1,19942,1,200000,0.5,0.889,4,8064,22876,79768,
64,4096,30,curved,heat,220,1,599,1,200000,0.5,0.037,299,8074,65780,179101,
64,4096,30,curved,pushsum,135,1,376,1,200000,0.5,0.035,299,8074,40365,112424,
64,4096,30,curved,gossip,4577,1,14271,1,200000,0.5,0.787,299,8074,1368523,4267029,
64,4096,30,shuffled,heat,105,1,296,1,200000,0.5,0.019,299,8074,31395,88504,connected_double_edge_swap
64,4096,30,shuffled,pushsum,87,1,242,1,200000,0.5,0.024,299,8074,26013,72358,connected_double_edge_swap
64,4096,30,shuffled,gossip,2912,1,9006,1,200000,0.5,0.569,299,8074,870688,2692794,connected_double_edge_swap
64,4096,30,rreg4,heat,61,1,149,1,200000,0.5,0.008,4,8192,244,596,rreg4_try0
64,4096,30,rreg4,pushsum,37,1,91,1,200000,0.5,0.008,4,8192,148,364,rreg4_try0
64,4096,30,rreg4,gossip,37,1,91,1,200000,0.5,0.005,4,8192,148,364,rreg4_try0
64,4096,30,localrand,heat,13618,1,40932,1,200000,0.5,2.342,11,8066,149798,450252,
64,4096,30,localrand,pushsum,6800,1,23965,1,200000,0.5,2.185,11,8066,74800,263615,
64,4096,30,localrand,gossip,8723,1,30819,1,200000,0.5,1.656,11,8066,95953,339009,
64,4096,35,flat,heat,6976,1,29373,1,200000,0.5,1.551,4,8064,27904,117492,
64,4096,35,flat,pushsum,4165,1,18229,1,200000,0.5,1.151,4,8064,16660,72916,
64,4096,35,flat,gossip,4196,1,18417,1,200000,0.5,0.709,4,8064,16784,73668,
64,4096,35,curved,heat,200,1,585,1,200000,0.5,0.04,523,8077,104600,305955,
64,4096,35,curved,pushsum,135,1,340,1,200000,0.5,0.04,523,8077,70605,177820,
64,4096,35,curved,gossip,8951,1,26386,1,200000,0.5,1.743,523,8077,4681373,13799878,
64,4096,35,shuffled,heat,143,1,507,1,200000,0.5,0.033,523,8077,74789,265161,connected_double_edge_swap
64,4096,35,shuffled,pushsum,135,1,428,1,200000,0.5,0.047,523,8077,70605,223844,connected_double_edge_swap
64,4096,35,shuffled,gossip,4572,1,15428,1,200000,0.5,0.913,523,8077,2391156,8068844,connected_double_edge_swap
64,4096,35,rreg4,heat,62,1,152,1,200000,0.5,0.01,4,8192,248,608,rreg4_try0
64,4096,35,rreg4,pushsum,38,1,93,1,200000,0.5,0.006,4,8192,152,372,rreg4_try0
64,4096,35,rreg4,gossip,38,1,93,1,200000,0.5,0.004,4,8192,152,372,rreg4_try0
64,4096,35,localrand,heat,7986,1,33121,1,200000,0.5,1.951,11,8065,87846,364331,
64,4096,35,localrand,pushsum,4147,1,19725,1,200000,0.5,1.782,11,8065,45617,216975,
64,4096,35,localrand,gossip,5448,1,26181,1,200000,0.5,1.345,11,8065,59928,287991,
64,4096,37,flat,heat,8213,1,30614,1,200000,0.5,1.523,4,8064,32852,122456,
64,4096,37,flat,pushsum,5037,1,19102,1,200000,0.5,1.104,4,8064,20148,76408,
64,4096,37,flat,gossip,5084,1,19306,1,200000,0.5,0.837,4,8064,20336,77224,
64,4096,37,curved,heat,201,1,578,1,200000,0.5,0.042,310,8081,62310,179180,
64,4096,37,curved,pushsum,156,1,450,1,200000,0.5,0.045,310,8081,48360,139500,
64,4096,37,curved,gossip,5165,1,15795,1,200000,0.5,0.967,310,8081,1601150,4896450,
64,4096,37,shuffled,heat,97,1,265,1,200000,0.5,0.017,310,8081,30070,82150,connected_double_edge_swap
64,4096,37,shuffled,pushsum,86,1,229,1,200000,0.5,0.024,310,8081,26660,70990,connected_double_edge_swap
64,4096,37,shuffled,gossip,1309,1,5380,1,200000,0.5,0.332,310,8081,405790,1667800,connected_double_edge_swap
64,4096,37,rreg4,heat,60,1,151,1,200000,0.5,0.007,4,8192,240,604,rreg4_try0
64,4096,37,rreg4,pushsum,37,1,93,1,200000,0.5,0.006,4,8192,148,372,rreg4_try0
64,4096,37,rreg4,gossip,37,1,93,1,200000,0.5,0.005,4,8192,148,372,rreg4_try0
64,4096,37,localrand,heat,11834,1,37703,1,200000,0.5,2.224,10,8071,118340,377030,
64,4096,37,localrand,pushsum,5531,1,21266,1,200000,0.5,1.888,10,8071,55310,212660,
64,4096,37,localrand,gossip,7208,1,27571,1,200000,0.5,1.46,10,8071,72080,275710,
64,4096,34,flat,heat,8839,1,31231,1,200000,0.5,1.601,4,8064,35356,124924,
64,4096,34,flat,pushsum,5392,1,19450,1,200000,0.5,1.595,4,8064,21568,77800,
64,4096,34,flat,gossip,5441,1,19656,1,200000,0.5,1.028,4,8064,21764,78624,
64,4096,34,curved,heat,231,1,685,1,200000,0.5,0.043,572,8078,132132,391820,
64,4096,34,curved,pushsum,173,1,491,1,200000,0.5,0.045,572,8078,98956,280852,
64,4096,34,curved,gossip,12216,1,32265,1,200000,0.5,1.719,572,8078,6987552,18455580,
64,4096,34,shuffled,heat,203,1,719,1,200000,0.5,0.039,572,8078,116116,411268,connected_double_edge_swap
64,4096,34,shuffled,pushsum,142,1,430,1,200000,0.5,0.035,572,8078,81224,245960,connected_double_edge_swap
64,4096,34,shuffled,gossip,4498,1,24150,1,200000,0.5,1.23,572,8078,2572856,13813800,connected_double_edge_swap
64,4096,34,rreg4,heat,63,1,157,1,200000,0.5,0.008,4,8192,252,628,rreg4_try0
64,4096,34,rreg4,pushsum,39,1,96,1,200000,0.5,0.007,4,8192,156,384,rreg4_try0
64,4096,34,rreg4,gossip,39,1,96,1,200000,0.5,0.006,4,8192,156,384,rreg4_try0
64,4096,34,localrand,heat,9761,1,34977,1,200000,0.5,1.971,10,8065,97610,349770,
64,4096,34,localrand,pushsum,5730,1,21300,1,200000,0.5,1.853,10,8065,57300,213000,
64,4096,34,localrand,gossip,7406,1,27460,1,200000,0.5,1.407,10,8065,74060,274600,
64,4096,36,flat,heat,10898,1,33298,1,200000,0.5,1.949,4,8064,43592,133192,
64,4096,36,flat,pushsum,6938,1,21003,1,200000,0.5,1.377,4,8064,27752,84012,
64,4096,36,flat,gossip,7002,1,21224,1,200000,0.5,0.957,4,8064,28008,84896,
64,4096,36,curved,heat,249,1,682,1,200000,0.5,0.042,519,8078,129231,353958,
64,4096,36,curved,pushsum,171,1,462,1,200000,0.5,0.035,519,8078,88749,239778,
64,4096,36,curved,gossip,8816,1,25680,1,200000,0.5,1.249,519,8078,4575504,13327920,
64,4096,36,shuffled,heat,178,1,596,1,200000,0.5,0.035,519,8078,92382,309324,connected_double_edge_swap
64,4096,36,shuffled,pushsum,158,1,489,1,200000,0.5,0.044,519,8078,82002,253791,connected_double_edge_swap
64,4096,36,shuffled,gossip,8333,1,37352,1,200000,0.5,1.867,519,8078,4324827,19385688,connected_double_edge_swap
64,4096,36,rreg4,heat,62,1,153,1,200000,0.5,0.009,4,8192,248,612,rreg4_try0
64,4096,36,rreg4,pushsum,38,1,94,1,200000,0.5,0.008,4,8192,152,376,rreg4_try0
64,4096,36,rreg4,gossip,38,1,94,1,200000,0.5,0.006,4,8192,152,376,rreg4_try0
64,4096,36,localrand,heat,12134,1,36782,1,200000,0.5,2.129,11,8066,133474,404602,
64,4096,36,localrand,pushsum,7411,1,22711,1,200000,0.5,1.905,11,8066,81521,249821,
64,4096,36,localrand,gossip,9819,1,29932,1,200000,0.5,1.489,11,8066,108009,329252,
64,4096,32,flat,heat,3705,1,25770,1,200000,0.5,1.106,4,8064,14820,103080,
64,4096,32,flat,pushsum,2327,1,16039,1,200000,0.5,0.983,4,8064,9308,64156,
64,4096,32,flat,gossip,2348,1,16209,1,200000,0.5,0.609,4,8064,9392,64836,
64,4096,32,curved,heat,224,1,631,1,200000,0.5,0.034,170,8074,38080,107270,
64,4096,32,curved,pushsum,178,1,496,1,200000,0.5,0.042,170,8074,30260,84320,
64,4096,32,curved,gossip,2900,1,8537,1,200000,0.5,0.418,170,8074,493000,1451290,
64,4096,32,shuffled,heat,116,1,347,1,200000,0.5,0.022,170,8074,19720,58990,connected_double_edge_swap
64,4096,32,shuffled,pushsum,99,1,278,1,200000,0.5,0.027,170,8074,16830,47260,connected_double_edge_swap
64,4096,32,shuffled,gossip,1867,1,6640,1,200000,0.5,0.379,170,8074,317390,1128800,connected_double_edge_swap
64,4096,32,rreg4,heat,62,1,151,1,200000,0.5,0.006,4,8192,248,604,rreg4_try0
64,4096,32,rreg4,pushsum,38,1,92,1,200000,0.5,0.006,4,8192,152,368,rreg4_try0
64,4096,32,rreg4,gossip,38,1,92,1,200000,0.5,0.005,4,8192,152,368,rreg4_try0
64,4096,32,localrand,heat,7303,1,32269,1,200000,0.5,1.794,11,8066,80333,354959,
64,4096,32,localrand,pushsum,2282,1,13904,1,200000,0.5,1.154,11,8066,25102,152944,
64,4096,32,localrand,gossip,2981,1,20675,1,200000,0.5,0.996,11,8066,32791,227425,
